group	state_from	state_to	all	target	target_combinat	has_target_high_combinat_prob_site	site_tsi	site_rank1	site_rank2	site_rank3	site_rank4	site_rank5	max_dist_bl
A	GCA	GCC	1.0000	0.0000	0.0000	False	1.0000	1.0000	0.0000	0.0000	0.0000	0.0000	
A	GCA	GCG	1.0003	0.0000	0.0000	False	0.9995	0.9998	0.0005	0.0000	0.0000	0.0000	
A	GCA	GCT	0.0008	0.0000	0.0000	False	0.2051	0.0002	0.0001	0.0001	0.0001	0.0000	
A	GCC	GCA	0.0000	0.0000	0.0000	False	1.0000	0.0000	0.0000	0.0000	0.0000	0.0000	
A	GCC	GCG	0.0000	0.0000	0.0000	False	1.0000	0.0000	0.0000	0.0000	0.0000	0.0000	
A	GCC	GCT	1.0000	0.0000	0.0000	False	1.0000	1.0000	0.0000	0.0000	0.0000	0.0000	
A	GCG	GCA	1.9447	0.0000	0.0000	False	0.5142	1.0000	0.9431	0.0017	0.0000	0.0000	0.0092012113
A	GCG	GCC	0.0000	0.0000	0.0000	False							
A	GCG	GCT	0.0000	0.0000	0.0000	False							
A	GCT	GCA	0.0005	0.0000	0.0000	False	0.3077	0.0002	0.0000	0.0000	0.0000	0.0000	
A	GCT	GCC	2.0000	0.0000	0.0000	False	0.5000	1.0000	1.0000	0.0000	0.0000	0.0000	-0.0137131861
A	GCT	GCG	0.0002	0.0000	0.0000	False	1.0000	0.0002	0.0000	0.0000	0.0000	0.0000	
C	TGC	TGT	1.0002	0.0000	0.0000	False	0.9998	1.0000	0.0002	0.0000	0.0000	0.0000	
C	TGT	TGC	0.0003	0.0000	0.0000	False	0.8846	0.0002	0.0000	0.0000	0.0000	0.0000	
D	GAC	GAT	4.3438	0.0000	0.0000	False	0.3396	1.4751	1.0027	1.0000	0.8660	0.0000	0.034405245599999995
D	GAT	GAC	0.4860	0.0000	0.0000	False	0.6172	0.3000	0.1859	0.0001	0.0000	0.0000	
E	GAA	GAG	0.0004	0.0000	0.0000	False	0.8333	0.0003	0.0001	0.0000	0.0000	0.0000	
E	GAG	GAA	1.0004	0.0000	0.0000	False	0.9996	1.0000	0.0003	0.0001	0.0000	0.0000	
F	TTC	TTT	1.0000	0.0000	0.0000	False	1.0000	1.0000	0.0000	0.0000	0.0000	0.0000	
F	TTT	TTC	1.0000	0.0000	0.0000	False	1.0000	1.0000	0.0000	0.0000	0.0000	0.0000	
G	GGA	GGC	1.0000	0.0000	0.0000	False	1.0000	1.0000	0.0000	0.0000	0.0000	0.0000	
G	GGA	GGG	0.0000	0.0000	0.0000	False	0.5000	0.0000	0.0000	0.0000	0.0000	0.0000	
G	GGA	GGT	0.0000	0.0000	0.0000	False	1.0000	0.0000	0.0000	0.0000	0.0000	0.0000	
G	GGC	GGA	0.0000	0.0000	0.0000	False							
G	GGC	GGG	1.0000	0.0000	0.0000	False	1.0000	1.0000	0.0000	0.0000	0.0000	0.0000	
G	GGC	GGT	0.0000	0.0000	0.0000	False							
G	GGG	GGA	0.0000	0.0000	0.0000	False	0.9721	0.0000	0.0000	0.0000	0.0000	0.0000	
G	GGG	GGC	0.0000	0.0000	0.0000	False							
G	GGG	GGT	0.0000	0.0000	0.0000	False							
G	GGT	GGA	0.0000	0.0000	0.0000	False	1.0000	0.0000	0.0000	0.0000	0.0000	0.0000	
G	GGT	GGC	0.0000	0.0000	0.0000	False							
G	GGT	GGG	0.0000	0.0000	0.0000	False							
H	CAC	CAT	0.0000	0.0000	0.0000	False							
H	CAT	CAC	0.0000	0.0000	0.0000	False							
I	ATA	ATC	0.0000	0.0000	0.0000	False							
I	ATA	ATT	0.0000	0.0000	0.0000	False							
I	ATC	ATA	1.0000	0.0000	0.0000	False	1.0000	1.0000	0.0000	0.0000	0.0000	0.0000	
I	ATC	ATT	4.0148	0.0000	0.0000	False	1.0000	4.0148	0.0000	0.0000	0.0000	0.0000	0.0315585074
I	ATT	ATA	0.0000	0.0000	0.0000	False							
I	ATT	ATC	2.0443	0.0000	0.0000	False	0.9998	2.0440	0.0003	0.0000	0.0000	0.0000	2.9363399999999997e-05
K	AAA	AAG	0.0000	0.0000	0.0000	False							
K	AAG	AAA	0.0000	0.0000	0.0000	False							
L	CTA	CTC	0.0000	0.0000	0.0000	False							
L	CTA	CTG	0.0008	0.0000	0.0000	False	1.0000	0.0008	0.0000	0.0000	0.0000	0.0000	
L	CTA	CTT	0.0000	0.0000	0.0000	False							
L	CTA	TTA	0.0000	0.0000	0.0000	False	1.0000	0.0000	0.0000	0.0000	0.0000	0.0000	
L	CTA	TTG	0.0001	0.0000	0.0000	False	1.0000	0.0001	0.0000	0.0000	0.0000	0.0000	
L	CTC	CTA	0.0000	0.0000	0.0000	False	1.0000	0.0000	0.0000	0.0000	0.0000	0.0000	
L	CTC	CTG	0.0000	0.0000	0.0000	False	1.0000	0.0000	0.0000	0.0000	0.0000	0.0000	
L	CTC	CTT	1.0000	0.0000	0.0000	False	1.0000	1.0000	0.0000	0.0000	0.0000	0.0000	
L	CTC	TTA	0.0000	0.0000	0.0000	False							
L	CTC	TTG	0.0000	0.0000	0.0000	False							
L	CTG	CTA	1.9999	0.0000	0.0000	False	0.5000	1.0000	0.9999	0.0000	0.0000	0.0000	0.0407534851
L	CTG	CTC	0.0000	0.0000	0.0000	False	1.0000	0.0000	0.0000	0.0000	0.0000	0.0000	
L	CTG	CTT	0.0000	0.0000	0.0000	False	1.0000	0.0000	0.0000	0.0000	0.0000	0.0000	
L	CTG	TTA	0.0000	0.0000	0.0000	False							
L	CTG	TTG	0.0001	0.0000	0.0000	False	0.6250	0.0001	0.0000	0.0000	0.0000	0.0000	
L	CTT	CTA	0.0000	0.0000	0.0000	False	1.0000	0.0000	0.0000	0.0000	0.0000	0.0000	
L	CTT	CTC	0.0000	0.0000	0.0000	False							
L	CTT	CTG	1.0000	0.0000	0.0000	False	1.0000	1.0000	0.0000	0.0000	0.0000	0.0000	
L	CTT	TTA	0.0000	0.0000	0.0000	False							
L	CTT	TTG	0.0000	0.0000	0.0000	False	1.0000	0.0000	0.0000	0.0000	0.0000	0.0000	
L	TTA	CTA	0.0000	0.0000	0.0000	False	1.0000	0.0000	0.0000	0.0000	0.0000	0.0000	
L	TTA	CTC	0.0000	0.0000	0.0000	False							
L	TTA	CTG	0.0000	0.0000	0.0000	False							
L	TTA	CTT	0.0000	0.0000	0.0000	False							
L	TTA	TTG	0.0001	0.0000	0.0000	False	0.7500	0.0001	0.0000	0.0000	0.0000	0.0000	
L	TTG	CTA	0.0001	0.0000	0.0000	False	0.5000	0.0001	0.0001	0.0000	0.0000	0.0000	
L	TTG	CTC	0.0000	0.0000	0.0000	False							
L	TTG	CTG	0.0001	0.0000	0.0000	False	0.6250	0.0001	0.0000	0.0000	0.0000	0.0000	
L	TTG	CTT	0.0000	0.0000	0.0000	False	1.0000	0.0000	0.0000	0.0000	0.0000	0.0000	
L	TTG	TTA	0.0001	0.0000	0.0000	False	0.7500	0.0001	0.0000	0.0000	0.0000	0.0000	
N	AAC	AAT	0.0000	0.0000	0.0000	False							
N	AAT	AAC	1.0143	0.0000	0.0000	False	1.0000	1.0143	0.0000	0.0000	0.0000	0.0000	
P	CCA	CCC	0.0000	0.0000	0.0000	False							
P	CCA	CCG	1.0000	0.0000	0.0000	False	1.0000	1.0000	0.0000	0.0000	0.0000	0.0000	
P	CCA	CCT	1.0001	0.0000	0.0000	False	1.0000	1.0000	0.0000	0.0000	0.0000	0.0000	
P	CCC	CCA	0.0000	0.0000	0.0000	False							
P	CCC	CCG	0.0000	0.0000	0.0000	False							
P	CCC	CCT	1.0000	0.0000	0.0000	False	1.0000	1.0000	0.0000	0.0000	0.0000	0.0000	
P	CCG	CCA	1.0000	0.0000	0.0000	False	1.0000	1.0000	0.0000	0.0000	0.0000	0.0000	
P	CCG	CCC	0.0000	0.0000	0.0000	False							
P	CCG	CCT	0.0000	0.0000	0.0000	False							
P	CCT	CCA	0.0000	0.0000	0.0000	False	0.5000	0.0000	0.0000	0.0000	0.0000	0.0000	
P	CCT	CCC	1.0000	0.0000	0.0000	False	1.0000	1.0000	0.0000	0.0000	0.0000	0.0000	
P	CCT	CCG	0.0000	0.0000	0.0000	False							
Q	CAA	CAG	0.0000	0.0000	0.0000	False							
Q	CAG	CAA	1.0000	0.0000	0.0000	False	1.0000	1.0000	0.0000	0.0000	0.0000	0.0000	
R	AGA	AGG	1.0000	0.0000	0.0000	False	1.0000	1.0000	0.0000	0.0000	0.0000	0.0000	
R	AGA	CGA	0.0000	0.0000	0.0000	False							
R	AGA	CGC	0.0000	0.0000	0.0000	False							
R	AGA	CGG	0.0000	0.0000	0.0000	False							
R	AGA	CGT	0.0000	0.0000	0.0000	False							
R	AGG	AGA	0.0000	0.0000	0.0000	False							
R	AGG	CGA	0.0000	0.0000	0.0000	False							
R	AGG	CGC	0.0000	0.0000	0.0000	False							
R	AGG	CGG	0.0000	0.0000	0.0000	False							
R	AGG	CGT	0.0000	0.0000	0.0000	False							
R	CGA	AGA	0.0000	0.0000	0.0000	False							
R	CGA	AGG	0.0000	0.0000	0.0000	False							
R	CGA	CGC	0.0000	0.0000	0.0000	False							
R	CGA	CGG	0.0000	0.0000	0.0000	False	1.0000	0.0000	0.0000	0.0000	0.0000	0.0000	
R	CGA	CGT	0.0002	0.0000	0.0000	False	0.4667	0.0001	0.0000	0.0000	0.0000	0.0000	
R	CGC	AGA	0.0000	0.0000	0.0000	False							
R	CGC	AGG	0.0000	0.0000	0.0000	False							
R	CGC	CGA	0.0000	0.0000	0.0000	False							
R	CGC	CGG	0.0000	0.0000	0.0000	False	0.5466	0.0000	0.0000	0.0000	0.0000	0.0000	
R	CGC	CGT	2.0001	1.0000	0.0000	False	0.5000	1.0000	1.0000	0.0000	0.0000	0.0000	0.024255587599999993
R	CGG	AGA	0.0000	0.0000	0.0000	False							
R	CGG	AGG	0.0000	0.0000	0.0000	False							
R	CGG	CGA	0.0000	0.0000	0.0000	False							
R	CGG	CGC	0.0000	0.0000	0.0000	False							
R	CGG	CGT	0.0004	0.0000	0.0000	False	1.0000	0.0004	0.0000	0.0000	0.0000	0.0000	
R	CGT	AGA	0.0000	0.0000	0.0000	False							
R	CGT	AGG	0.0000	0.0000	0.0000	False							
R	CGT	CGA	1.0001	0.0000	0.0000	False	0.9999	1.0000	0.0001	0.0000	0.0000	0.0000	
R	CGT	CGC	1.0000	0.0000	0.0000	False	1.0000	1.0000	0.0000	0.0000	0.0000	0.0000	
R	CGT	CGG	1.0000	0.0000	0.0000	False	1.0000	1.0000	0.0000	0.0000	0.0000	0.0000	
S	AGC	AGT	0.0000	0.0000	0.0000	False							
S	AGC	TCA	0.0000	0.0000	0.0000	False							
S	AGC	TCC	1.5021	0.0000	0.0000	False	1.0000	1.5021	0.0000	0.0000	0.0000	0.0000	
S	AGC	TCG	0.0000	0.0000	0.0000	False							
S	AGC	TCT	0.0000	0.0000	0.0000	False							
S	AGT	AGC	0.0000	0.0000	0.0000	False							
S	AGT	TCA	0.0000	0.0000	0.0000	False							
S	AGT	TCC	0.0000	0.0000	0.0000	False							
S	AGT	TCG	0.0000	0.0000	0.0000	False							
S	AGT	TCT	0.0000	0.0000	0.0000	False							
S	TCA	AGC	0.0000	0.0000	0.0000	False							
S	TCA	AGT	0.0000	0.0000	0.0000	False							
S	TCA	TCC	0.0000	0.0000	0.0000	False							
S	TCA	TCG	0.0000	0.0000	0.0000	False							
S	TCA	TCT	0.0000	0.0000	0.0000	False							
S	TCC	AGC	1.6280	0.0000	0.0000	False	1.0000	1.6280	0.0000	0.0000	0.0000	0.0000	
S	TCC	AGT	0.0000	0.0000	0.0000	False							
S	TCC	TCA	0.0000	0.0000	0.0000	False							
S	TCC	TCG	0.0000	0.0000	0.0000	False							
S	TCC	TCT	1.0000	0.0000	0.0000	False	1.0000	1.0000	0.0000	0.0000	0.0000	0.0000	
S	TCG	AGC	0.0000	0.0000	0.0000	False							
S	TCG	AGT	0.0000	0.0000	0.0000	False							
S	TCG	TCA	0.0000	0.0000	0.0000	False							
S	TCG	TCC	0.0000	0.0000	0.0000	False							
S	TCG	TCT	0.0000	0.0000	0.0000	False							
S	TCT	AGC	0.0000	0.0000	0.0000	False							
S	TCT	AGT	0.0000	0.0000	0.0000	False							
S	TCT	TCA	0.0000	0.0000	0.0000	False							
S	TCT	TCC	1.0000	0.0000	0.0000	False	1.0000	1.0000	0.0000	0.0000	0.0000	0.0000	
S	TCT	TCG	0.0000	0.0000	0.0000	False							
T	ACA	ACC	0.0000	0.0000	0.0000	False							
T	ACA	ACG	0.0000	0.0000	0.0000	False							
T	ACA	ACT	1.0606	0.0001	0.0000	False	0.9996	1.0603	0.0003	0.0000	0.0000	0.0000	
T	ACC	ACA	0.0000	0.0000	0.0000	False							
T	ACC	ACG	0.0000	0.0000	0.0000	False							
T	ACC	ACT	0.0001	0.0000	0.0000	False	0.4615	0.0001	0.0001	0.0000	0.0000	0.0000	
T	ACG	ACA	0.0000	0.0000	0.0000	False							
T	ACG	ACC	0.0000	0.0000	0.0000	False							
T	ACG	ACT	0.0000	0.0000	0.0000	False							
T	ACT	ACA	4.0005	0.0000	0.0000	False	1.0000	4.0005	0.0000	0.0000	0.0000	0.0000	0.010058868499999998
T	ACT	ACC	0.0001	0.0000	0.0000	False	0.7143	0.0001	0.0000	0.0000	0.0000	0.0000	
T	ACT	ACG	0.0000	0.0000	0.0000	False							
V	GTA	GTC	1.0000	0.0055	0.0000	False	1.0000	1.0000	0.0000	0.0000	0.0000	0.0000	
V	GTA	GTG	0.0000	0.0000	0.0000	False							
V	GTA	GTT	0.0002	0.0000	0.0000	False	0.2500	0.0000	0.0000	0.0000	0.0000	0.0000	
V	GTC	GTA	0.0055	0.0000	0.0000	False	1.0000	0.0055	0.0000	0.0000	0.0000	0.0000	
V	GTC	GTG	0.0000	0.0000	0.0000	False							
V	GTC	GTT	0.0000	0.0000	0.0000	False							
V	GTG	GTA	0.0000	0.0000	0.0000	False							
V	GTG	GTC	0.0000	0.0000	0.0000	False							
V	GTG	GTT	1.0000	0.0000	0.0000	False	1.0000	1.0000	0.0000	0.0000	0.0000	0.0000	
V	GTT	GTA	0.0001	0.0000	0.0000	False	0.2857	0.0000	0.0000	0.0000	0.0000	0.0000	
V	GTT	GTC	1.0000	0.0000	0.0000	False	1.0000	1.0000	0.0000	0.0000	0.0000	0.0000	
V	GTT	GTG	1.0000	0.0000	0.0000	False	1.0000	1.0000	0.0000	0.0000	0.0000	0.0000	
Y	TAC	TAT	1.0000	0.0000	0.0000	False	1.0000	1.0000	0.0000	0.0000	0.0000	0.0000	
Y	TAT	TAC	1.0000	0.0000	0.0000	False	1.0000	1.0000	0.0000	0.0000	0.0000	0.0000	
