Species,ShortName,MeanTempAnnual_n,MeanTempAnnual_mean,MeanTempAnnual_se,MeanTempAnnual_median,MeanTempAnnual_q10,MeanTempAnnual_q90,TempSeasonality_n,TempSeasonality_mean,TempSeasonality_se,TempSeasonality_median,TempSeasonality_q10,TempSeasonality_q90,MeanTempWarmQuarter_n,MeanTempWarmQuarter_mean,MeanTempWarmQuarter_se,MeanTempWarmQuarter_median,MeanTempWarmQuarter_q10,MeanTempWarmQuarter_q90,MeanTempColdQuarter_n,MeanTempColdQuarter_mean,MeanTempColdQuarter_se,MeanTempColdQuarter_median,MeanTempColdQuarter_q10,MeanTempColdQuarter_q90,PrecipAnnual_n,PrecipAnnual_mean,PrecipAnnual_se,PrecipAnnual_median,PrecipAnnual_q10,PrecipAnnual_q90
Viburnum acerifolium,acerifoliu,21821,6.975709363711383,2.2313683977408203e-4,7.962500095367432,0.3958333432674408,13.070833206176758,21821,9.4396996158778,8.000212645797553e-5,9.24777587890625,7.6097564697265625,11.508458251953124,21821,18.346239851253245,1.8622220555736995e-4,19.516666412353516,12.666666984558105,23.299999237060547,21821,-4.862619336465144,2.933618031881361e-4,-3.7166666984558105,-14.649999618530273,2.4166667461395264,21821,1002.5698638925805,0.017670024927126046,1036,487,1293
Viburnum acutifolium,acutifoliu,927,16.13364344970308,0.0036068944701932656,15.612500190734863,12.523333168029787,21.527499771118162,927,1.5360909366299034,4.6133756380935194e-4,1.519637908935547,0.9380906524658204,2.0800258178710935,927,17.775458428466205,0.003692543174594247,17.350000381469727,13.97666702270508,22.870000076293945,927,14.039104591295557,0.0036315981005802384,13.133333206176758,10.583333206176759,19.266666412353516,927,1404.799352750809,0.5731346282562125,1203,1020.4,2291.3999999999996
Viburnum adenophorum,adenophoru,1280,9.401057929266244,0.002436275307246866,9.058333396911621,6.754166603088379,13.574999809265137,1280,4.887805018424988,0.0015673844634860642,3.715087585449219,3.2344821166992186,8.141116943359375,1280,15.007942633703351,0.0033099175920745967,13.483333587646484,10.75,21.700000762939453,1280,2.9753906287660357,0.002915144788386939,2.566666603088379,-1.5666667222976685,7.800000190734863,1280,2598.3125,1.167649032373259,3107,706,4326
Viburnum amplificatum,amplificat,19,24.17214930684943,0.2305024660302442,26.179166793823242,15.215000343322753,26.98166732788086,19,0.35052228726838763,0.004154565102346922,0.32853557586669924,0.2644305648803711,0.4205289535522461,19,24.561403374922904,0.23186581730546993,26.616666793823242,15.603333282470704,27.389999771118163,19,23.69912288063451,0.22851293051661803,25.600000381469727,14.843333625793456,26.64000015258789,19,2105.1052631578946,12.744426415454067,2129,1918.2,2386.8
Viburnum amplifolium,amplifoliu,1,15.816666603088379,NA,15.816666603088379,15.816666603088379,15.816666603088379,1,4.821746826171875,NA,4.821746826171875,4.821746826171875,4.821746826171875,1,20.96666717529297,NA,20.96666717529297,20.96666717529297,20.96666717529297,1,9.183333396911621,NA,9.183333396911621,9.183333396911621,9.183333396911621,1,1434,NA,1434,1434,1434
Viburnum anabaptista,anabaptist,53,14.92311321114594,0.02911899336201629,14.637499809265137,13.879166603088379,16.761667251586914,53,0.29950652176479126,0.0019109622630670313,0.2797117233276367,0.2588358459472656,0.34513945770263676,53,15.261949629153845,0.029468536156413493,14.949999809265137,14.199999809265137,17.09000015258789,53,14.566980973729548,0.028145396225533654,14.350000381469727,13.566666603088379,16.36333312988281,53,2390.132075471698,4.205392390729503,2413,2305.2,2536
Viburnum anamensis,anamensis,1,19.741666793823242,NA,19.741666793823242,19.741666793823242,19.741666793823242,1,1.9965692138671876,NA,1.9965692138671876,1.9965692138671876,1.9965692138671876,1,21.75,NA,21.75,21.75,21.75,1,16.96666717529297,NA,16.96666717529297,16.96666717529297,16.96666717529297,1,1983,NA,1983,1983,1983
Viburnum atrocyaneum,atrocyaneu,46,14.253442017928414,0.14965318972334848,12.620833396911621,7.012499809265137,27.141666412353516,46,4.884974949048913,0.04037164049399433,4.9140087890625,2.45730224609375,6.19070068359375,46,19.77971018915591,0.1329058733395056,18.049999237060547,15.166666984558105,29.91666603088379,46,7.863768105921538,0.17965778974686228,6.0333333015441895,-3.6999998092651367,21.950000762939453,46,1241.0869565217392,13.823361188856785,1179,726,1595
Viburnum australe,australe,4,19.883333683013916,0.6814650454764569,20.197916984558105,17.262500190734862,22.252500534057617,4,5.1200830841064455,0.10238069162671433,5.0594110107421875,4.769585479736328,5.519118347167969,4,25.59999990463257,0.62547201579672,25.94166660308838,23.260000038146973,27.666666412353514,4,13.112499952316284,0.7427845804814549,13.316666603088379,10.268333148956298,15.793333435058592,4,403.75,46.24994369365942,345.5,271.9,582.2
Viburnum awabuki,awabuki,3145,18.015494129047486,0.0012256145380870483,17.391666412353516,13.793333053588867,22.84833335876465,3145,5.486491714016622,6.802632371762855e-4,5.140059204101562,2.986004760742188,7.847943115234375,3145,24.569660820528888,8.95876023761339e-4,24.799999237060547,21.289999389648436,27.64333305358887,3145,11.129623728426727,0.001848584066918617,11.649999618530273,4.33000001907349,18.483333587646484,3145,2004.0413354531001,0.2059467089275677,1848,1285.4,2947.399999999996
Viburnum ayavacense,ayavacense,108,17.4358794954088,0.03643840032073514,16.643750190734863,13.766666412353516,24.258333206176758,108,0.9947113498051962,0.006560150449820627,0.8340723037719726,0.15588215827941895,1.8351934814453126,108,18.43703712357415,0.03595512409493203,17.074999809265137,15.199999809265137,24.733333587646484,108,16.09999985165066,0.0388743248916921,15.050000190734863,11.5,23.700000762939453,108,1218.361111111111,6.952266329683447,956,680,1971
Viburnum beccarii,beccarii,8,19.166666984558105,0.1108663873650399,19.69166660308838,18.32583293914795,19.700000762939453,8,0.550523328781128,0.015271582684942718,0.6090229797363281,0.4544911537170411,0.6123878974914551,8,19.795833587646484,0.1225794673236748,20.366666793823242,18.890000724792483,20.366666793823242,8,18.40000009536743,0.08200585016039547,18.800000190734863,17.746665954589844,18.816667556762695,8,2728.75,22.361752862229483,2736,2610.2,2910.4
Viburnum betulifolium,betulifoli,1280,9.401057929266244,0.002436275307246866,9.058333396911621,6.754166603088379,13.574999809265137,1280,4.887805018424988,0.0015673844634860642,3.715087585449219,3.2344821166992186,8.141116943359375,1280,15.007942633703351,0.0033099175920745967,13.483333587646484,10.75,21.700000762939453,1280,2.9753906287660357,0.002915144788386939,2.566666603088379,-1.5666667222976685,7.800000190734863,1280,2598.3125,1.167649032373259,3107,706,4326
Viburnum bitchiuense,bitchiuens,1416,11.265577907952885,0.0014085661165948158,11.383333206176758,8.589583396911621,13.504166603088379,1416,9.10647140352066,7.659363654904076e-4,9.306910400390624,7.886210327148437,10.126340942382813,1416,22.203601694376456,0.0013081968735213533,22.516666412353516,20.024999618530273,24.19166660308838,1416,-0.22241054736025168,0.0021082068344267612,-0.24166669696569443,-3.6750000715255737,3.2416666746139526,1416,1152.4251412429378,0.171724256233473,1183,782,1358
Viburnum blandum,blandum,50,16.674666633605955,0.06241917663032516,16.824999809265137,12.558333206176759,20.662500381469727,50,1.227081826019287,0.01800706526984848,1.0447140121459961,0.7102233123779297,1.5267806396484374,50,17.95733329772949,0.06523097434302148,18.049999237060547,13.80833330154419,21.983333587646484,50,14.990999965667724,0.06839773694309026,15.591667175292969,10.633333206176758,18.910000038146972,50,1547.52,11.462374466408052,1390,1134.9,2272.9
Viburnum brachyandrum,brachyandr,4,16.06874990463257,0.42988455064324754,16.416666507720947,14.377083206176758,17.482083320617676,4,6.346004180908203,0.2827093107372318,5.997080993652344,5.504922729492187,7.466224182128906,4,24,0.10769047857867961,23.983333587646484,23.60666618347168,24.406666946411136,4,8.337499856948853,0.7633789397159669,9.133333206176758,5.318333148956299,10.719999885559083,4,2237.75,145.27063465018202,2379.5,1661,2701.1000000000004
Viburnum brachybotryum,brachybotr,9,13.57222228580051,0.21657924245899546,14.066666603088379,11.327499771118164,15.801667213439941,9,7.116806335449219,0.14989103054206362,7.506879272460938,5.2829459838867185,8.081666748046874,9,21.925925784640842,0.39220492730082557,23.516666412353516,16.463333129882813,25.450000762939453,9,4.470370398627387,0.14700886746038433,4.7166666984558105,2.9399999618530277,5.960000038146973,9,1416.7777777777778,23.720776548310337,1371,1187.6,1678.4
Viburnum bracteatum,bracteatum,24,14.77465295791626,0.046975571075451,14.289583206176758,13.88666648864746,16.036250495910643,24,7.966473948160807,0.018875234490321215,7.766941223144531,7.634554016113281,8.396941711425782,24,24.35694448153178,0.047441905757293186,24.291666984558105,23.19666748046875,25.991666793823242,24,4.628472263614337,0.05847173121112126,4.333333492279053,3.4866665840148925,5.650000095367432,24,1391.625,6.035545531109162,1409.5,1177.8,1538.6999999999998
Viburnum brevipes,brevipes,12312,12.189628010691955,1.6272488597753377e-4,12.227083683013916,9.766666412353516,14.787500381469727,12312,8.600674936246222,5.450418168056932e-5,8.764830932617187,7.629691772460937,9.299959106445312,12312,22.669878976851642,1.3666265755896224e-4,22.899999618530273,20.566665649414063,24.483333587646484,12312,1.5388036080068153,2.1269571166277433e-4,1.5333333015441895,-1.6666666269302368,5.299999713897705,12312,1396.938596491228,0.025997574230927866,1299,1078,1851
Viburnum brevitubum,brevitubum,6,12.759722073872885,0.4050245552962901,13.712500095367432,9.795833110809326,14.770833015441895,6,5.130113067626953,0.23562652939037473,4.43980728149414,4.275950317382812,6.674581604003906,6,18.416666666666668,0.231787194952816,19.233333587646484,16.68333339691162,19.333333015441895,6,5.95277767131726,0.6358172853102467,7.65833306312561,1.2916666492819786,8.90833330154419,6,1314.5,25.345994643028792,1246,1198.5,1499
Viburnum buddleifolium,buddleifol,3,11.598611195882162,1.0922745402933596,11.783333778381348,8.943333625793457,14.17999973297119,3,7.658385620117187,0.36384598979307464,7.17876708984375,6.946772949218749,8.561845703124998,3,21.138888676961262,1.2152620193993833,22.633333206176758,18.11333351135254,23.566666030883788,3,2.3333332935969033,1.3635918545653565,0.6333332657814026,-0.3800000548362733,5.726666653156279,3,876.3333333333334,140.26100009677725,1018,526,1170
Viburnum burejaeticum,burejaetic,167,2.548502990920208,0.01584360864136399,3.179166555404663,-1.0766665697097777,4.930833148956299,167,13.601516997742795,0.012007134587761962,13.029287109375,11.513691650390626,16.6916875,167,18.180439086731322,0.009251801535184368,18.25,16.370000076293945,19.710000610351564,167,-15.349101836096027,0.029355829405923153,-14.100000381469727,-22.88000068664551,-10.493333435058593,167,710.3353293413173,0.7589088696170567,700,582.4,860.2
Viburnum calvum,calvum,46,14.253442017928414,0.14965318972334848,12.620833396911621,7.012499809265137,27.141666412353516,46,4.884974949048913,0.04037164049399433,4.9140087890625,2.45730224609375,6.19070068359375,46,19.77971018915591,0.1329058733395056,18.049999237060547,15.166666984558105,29.91666603088379,46,7.863768105921538,0.17965778974686228,6.0333333015441895,-3.6999998092651367,21.950000762939453,46,1241.0869565217392,13.823361188856785,1179,726,1595
Viburnum carlesii,carlesii,1416,11.265577907952885,0.0014085661165948158,11.383333206176758,8.589583396911621,13.504166603088379,1416,9.10647140352066,7.659363654904076e-4,9.306910400390624,7.886210327148437,10.126340942382813,1416,22.203601694376456,0.0013081968735213533,22.516666412353516,20.024999618530273,24.19166660308838,1416,-0.22241054736025168,0.0021082068344267612,-0.24166669696569443,-3.6750000715255737,3.2416666746139526,1416,1152.4251412429378,0.171724256233473,1183,782,1358
Viburnum cassinoides,cassinoide,10680,13.235525912693126,5.848868034788608e-4,12.829166412353516,4.9041666984558105,21.133749961853027,10680,7.9754234333967,1.8513213562231054e-4,8.227969970703125,5.047382751464845,10.618881835937504,10680,22.74472219774339,3.8467754144895e-4,23.233333587646484,17.08166732788086,27.299999237060547,10680,3.136232830862632,8.073061624955534e-4,2.3916667699813843,-8.718333816528318,14.716666221618652,10680,1253.1185393258427,0.019938940466848416,1225,1021.9000000000001,1561
Viburnum chingii,chingii,39,12.003312000861534,0.1091440399932929,12.079166412353516,6.77666654586792,15.360833740234378,39,4.93223153921274,0.025352608308222925,4.49350341796875,4.271310119628906,5.847446655273437,39,17.46538460560334,0.09510748281987738,17.5,13.036666488647462,20.803333663940432,39,5.515811892656179,0.12397012070607491,6.066666603088379,-1.6333332777023313,8.886666679382325,39,1057.179487179487,6.933185681743159,934,838.2,1363.0000000000002
Viburnum chinshanense,chinshanen,8,13.82395851612091,0.24653978270491056,13.024999618530273,11.997500228881837,16.22083387374878,8,7.2141660308837885,0.1261254771148889,7.4984588623046875,6.261808837890626,7.892605102539062,8,22.383333206176758,0.1925252403036441,22.124999046325684,20.96833324432373,24.581666564941408,8,4.562499970197678,0.3469677091336527,3.5833332538604736,2.4649998903274537,7.456666564941406,8,1224.875,36.02767026264079,1301.5,813.3000000000001,1475.6999999999998
Viburnum ciliatum,ciliatum,42,16.485912663596018,0.07016587325961432,17.033333778381348,13.40250015258789,18.912500381469727,42,1.9471305320376442,0.009197283280730342,2.008878860473633,1.4127867431640626,2.383413177490234,42,18.592063426971436,0.07355030707767209,19.05833339691162,15.254999732971191,21.350000381469727,42,13.82698411033267,0.06622041240854687,14.183333396911621,11.186666774749757,15.84000015258789,42,1352.6904761904761,7.134984992467893,1287.5,1040.8,1797.2
Viburnum cinnamomifolium,cinnamomif,8,14.158854126930237,0.42778600885638773,14.989583015441895,10.00958318710327,17.32958354949951,8,5.511409759521484,0.1434700449523565,5.028133544921875,4.590778076171874,6.936771362304688,8,20.49583339691162,0.39971739107247134,20.574999809265137,16.820000457763673,24.37000026702881,8,7.014583438634872,0.4677660847540232,7.4083335399627686,2.7083333253860475,10.663333415985107,8,1504.75,45.430714024608,1434.5,1234.7,1836.3999999999999
Viburnum clemensiae,clemensiae,22,19.462121616710316,0.20937235927215483,20.577083587646484,11.347916412353515,23.133333587646487,22,0.37714894901622426,0.004223410726220585,0.4035497665405273,0.2504720706939697,0.47265934371948243,22,19.918939287012275,0.21401970526488306,21.06666660308838,11.614999580383301,23.713333320617675,22,18.977272337133233,0.2033472608624092,20.141666412353516,11.108332920074464,22.486666107177733,22,2459.090909090909,15.283583990955812,2410,2253.6,2508.2
Viburnum colebrookeanum,colebrooke,8,18.940104246139526,0.8785887261823296,21.87083339691162,7.920833587646484,24.12458362579346,8,4.361948852539062,0.17174052413400862,4.04122802734375,3.1621311950683593,6.273988647460937,8,23.574999809265137,0.6876496987898192,26.083333015441895,15.199999809265137,28.081666564941408,8,12.96249981597066,1.0454584033839287,17.325000762939453,-0.2333332747220993,18.816665649414063,8,1782.875,131.18337488409932,1655.5,742,3255
Viburnum congestum,congestum,23,13.922644863957943,0.2147187184174658,17.016666412353516,6.810833072662353,17.612499237060547,23,5.138848810610564,0.045674206200068686,4.813381042480469,4.546810424804687,5.813128051757813,23,19.57173903092094,0.17774616435687643,22.016666412353516,13.553332901000976,22.700000762939453,23,7.097826163405958,0.2494327565255051,10.683333396911621,-1.063333475589752,11.300000190734863,23,1287.5217391304348,16.34844035073581,1456,760.2,1639.4
Viburnum coriaceum,coriaceum,1248,15.005555521219204,0.00364822179397995,14.43541669845581,10.004166603088379,22.483333587646484,1248,3.7714871354592154,0.0015965597231080578,4.443358001708985,0.5039991760253906,5.501873168945313,1248,19.136057670299824,0.0032939491289363373,19.25,14.316666603088379,24.899999618530273,1248,9.994230766326954,0.004871283564172074,8.583333015441895,3.683333396911621,19.600000381469727,1248,1525.628205128205,0.5154679597435302,1340.5,878,2331
Viburnum corylifolium,corylifoli,12,9.350000063578287,0.35977146116321307,7.868750095367432,5.620833396911621,15.935417079925537,12,7.638246815999349,0.13784106616599687,8.391079406738282,4.5253764953613285,8.5955712890625,12,18.586111068725586,0.3088123258659615,16.75,16.25,25.445000076293947,12,-0.29444441696008045,0.45202008166090063,-2.3166666477918625,-5.066666603088379,6.9533332824707035,12,1073.8333333333333,31.470260799917355,1029.5,715,1479.3999999999999
Viburnum cotinifolium,cotinifoli,172,10.514001970374308,0.02637459218142147,10.922916412353516,3.859166717529297,15.670416927337646,172,7.081857445295467,0.009714125086703756,7.576567077636719,4.745987487792968,8.985695922851562,172,18.752907043279603,0.028619501876977347,18.983332633972168,11.970000076293946,25.29166603088379,172,1.4222868154215258,0.029364530088116,2.5166666507720947,-5.779999732971191,6.733333539962768,172,886.453488372093,2.662560210666122,784,425,1645.6000000000004
Viburnum cylindricum,cylindricu,1248,15.005555521219204,0.00364822179397995,14.43541669845581,10.004166603088379,22.483333587646484,1248,3.7714871354592154,0.0015965597231080578,4.443358001708985,0.5039991760253906,5.501873168945313,1248,19.136057670299824,0.0032939491289363373,19.25,14.316666603088379,24.899999618530273,1248,9.994230766326954,0.004871283564172074,8.583333015441895,3.683333396911621,19.600000381469727,1248,1525.628205128205,0.5154679597435302,1340.5,878,2331
Viburnum davidii,davidii,98,10.561096945587469,0.009646643043470531,10.650000095367432,9.332500076293947,11.76374979019165,98,5.200052533830915,0.0073956449238652775,5.269678344726563,4.502284576416016,5.684787658691406,98,17.1311224334094,0.016148933485748036,17.358333587646484,15.234999942779542,18.826667404174806,98,4.517857133125772,0.009009229525291698,4.674999952316284,3.661666750907898,5.305000114440918,98,1027.9591836734694,3.321441108839378,1020.5,661.5,1418.3999999999999
Viburnum dentatum,dentatum,18441,12.463403999698789,1.8518818240312703e-4,12.066666603088379,8.795833587646484,18.804166793823242,18441,8.381979541314164,6.758649630137143e-5,8.76061279296875,6.489296264648438,9.488026733398437,18441,22.624156301382676,1.4644950648932e-4,22.766666412353516,19.299999237060547,26.75,18441,1.9938551754577463,2.449628410354601e-4,1.3333333730697632,-3,10.133333206176758,18441,1252.534569708801,0.01841239285007996,1155,984,1643
Viburnum dilatatum,dilatatum,12312,12.189628010691955,1.6272488597753377e-4,12.227083683013916,9.766666412353516,14.787500381469727,12312,8.600674936246222,5.450418168056932e-5,8.764830932617187,7.629691772460937,9.299959106445312,12312,22.669878976851642,1.3666265755896224e-4,22.899999618530273,20.566665649414063,24.483333587646484,12312,1.5388036080068153,2.1269571166277433e-4,1.5333333015441895,-1.6666666269302368,5.299999713897705,12312,1396.938596491228,0.025997574230927866,1299,1078,1851
Viburnum discolor,discolor,27,14.840123423823604,0.15135543251338818,14.3125,9.683333396911621,20.097499847412116,27,1.3085262129041884,0.013235342998871866,1.3525787353515626,0.9312204895019531,1.9199067993164065,27,16.225308630201553,0.15462025915030378,15.699999809265137,10.766666412353516,21.443333053588873,27,13.043827109866672,0.15277249467659004,12.266666412353516,8.083333015441895,18.483333587646495,27,1478.2222222222222,26.555653568489895,1316,1075.2,1782.4000000000003
Viburnum disjunctum,disjunctum,36,17.789004670249092,0.06400489605375932,18.022916793823242,14.3125,20.431249618530273,36,1.211948776245117,0.010013091951263993,1.2489955139160156,0.6686144638061524,1.6031397247314452,36,19.04074086083306,0.06699301139808511,19.31666660308838,15.366666793823242,21.68333339691162,36,16.098148160510593,0.06426217404132721,16.633333206176758,13.016666412353516,18.908333778381348,36,1986.0833333333333,17.97951800468455,2000.5,1115.5,2741.5
Viburnum divaricatum,divaricatu,16,18.142187476158142,0.13522381646509202,17.570833206176758,16.60416603088379,20.93958282470703,16,0.2105829155445099,0.003452822894909628,0.1991454029083252,0.1616087532043457,0.2538070774078369,16,18.335416555404663,0.13936386842974072,17.733333587646484,16.75,21.28333282470703,16,17.86041659116745,0.13163845518884706,17.29166603088379,16.399999618530273,20.583333015441895,16,814.6875,6.4535083623012115,780.5,763.5,917.5
Viburnum edule,edule,7954,1.7501089571157191,3.9110256969779046e-4,2.0958333015441895,-2.6154165744781492,5.561250019073485,7954,9.836662250890004,3.2659140301250937e-4,9.32273193359375,6.7091135253906256,13.570525268554686,7954,13.57222360206184,2.174701544544995e-4,13.716666221618652,11.483333587646484,15.533332824707031,7954,-10.46446651131428,7.864796767624145e-4,-9.5,-19.394999694824218,-2.6216667890548737,7954,826.8197133517727,0.07005705974222232,686,345,1481.6999999999998
Viburnum elatum,elatum,207,16.074778570645098,0.01187670644183734,15.779166221618652,13.481666564941406,19.070000839233398,207,1.9630228748413676,0.003093943569967061,1.6965652465820313,1.4827913513183593,2.705825378417969,207,18.152093380545647,0.014116418526102539,17.416667938232422,15.216667175292969,21.719999313354492,207,13.40177133348253,0.010500670405993251,13.033332824707031,11.066666603088379,15.873333358764647,207,929.3623188405797,1.4094721726505248,1009,497.80000000000007,1160
Viburnum ellipticum,ellipticum,172,11.57642922290536,0.014347144374131671,11.5,9.18624963760376,14.821249771118165,172,5.663972065060638,0.004351883684448443,5.454122314453125,5.085221557617188,6.723052978515625,172,18.776162683963776,0.016392198313994667,18.45833396911621,16.46333408355713,22.670000648498537,172,5.030232556337534,0.013508891241479661,5.133333444595337,2.5,7.945000267028809,172,1203.406976744186,2.40265685313984,1216.5,700.6,1651.6
Viburnum erosum,erosum,17622,12.325772711975244,1.1214250966024581e-4,12.391666412353516,9.970832824707031,14.854166030883789,17622,8.551818886898578,4.622968644526662e-5,8.653142700195312,7.597567016601563,9.441577758789062,17622,22.73519558647328,9.691605918148177e-5,22.96666717529297,20.649999618530273,24.549999237060547,17622,1.7417271986931195,1.5350765073278435e-4,1.7666666507720947,-1.649999976158142,5.450000238418579,17622,1453.3981386902735,0.020116518713444567,1368,1086,1922
Viburnum erubescens,erubescens,452,13.06296097071825,0.00881261756810391,13.462500095367432,7.942083549499512,17.12749900817871,452,4.984237470373643,0.0027879994520972774,4.756099090576171,4.212287017822265,6.853382019042971,452,18.59505897285664,0.00841310934368711,18.333333015441895,14.099999523162843,23.86333351135254,452,6.466961654644888,0.010226421601994034,6.516666650772095,1.0716666102409362,11.796666431427013,452,1352.654867256637,0.9193297988654588,1291,911,1906.4000000000005
Viburnum farreri,farreri,93,8.445609332092348,0.02963099382354621,9.066666603088379,7.591666793823243,10.321666526794433,93,7.323374705981183,0.024922872566117152,6.7958154296875,5.780752075195313,9.32794616699218,93,17.47777791177073,0.014886970944689175,17.299999237060547,15.926666831970214,18.903334045410155,93,-0.4709677444270221,0.060706396236267786,1,-2.9466667413711525,3.643333387374877,93,685.4086021505376,1.8806296421459554,649,501.2,876
Viburnum flavescens,flavescens,1280,9.401057929266244,0.002436275307246866,9.058333396911621,6.754166603088379,13.574999809265137,1280,4.887805018424988,0.0015673844634860642,3.715087585449219,3.2344821166992186,8.141116943359375,1280,15.007942633703351,0.0033099175920745967,13.483333587646484,10.75,21.700000762939453,1280,2.9753906287660357,0.002915144788386939,2.566666603088379,-1.5666667222976685,7.800000190734863,1280,2598.3125,1.167649032373259,3107,706,4326
Viburnum foetens,foetens,6,12.791666507720947,0.9098493942886813,14.8125,5.989583492279053,17.57291603088379,6,7.626703389485677,0.18271935478054102,7.626074523925781,6.416413879394531,8.837621765136719,6,21.880555470784504,1.0976313419854824,23.883333206176758,14.074999809265137,27.68333339691162,6,3.091666579246521,0.811397857899946,5.0333333015441895,-3.024999976158142,7.266666412353516,6,964.1666666666666,70.53418530256302,967.5,546,1379
Viburnum foetidum,foetidum,521,13.952135343240457,0.006271085802632628,13.733333587646484,10.370833396911621,17.920833587646484,521,4.684572193636318,0.0030014231695585664,4.014318542480469,3.1757843017578127,7.608049926757812,521,19.198752456342877,0.008119997165629124,18.799999237060547,14.216666221618652,25.44999885559082,521,7.723704427995517,0.00618737677667247,7.083333492279053,4.5333333015441895,11.733333587646484,521,2156.975047984645,1.906529259611748,2180,949,3350
Viburnum fordiae,fordiae,11,15.955681844191117,0.3597905527702656,16.962499618530273,12.25,20.433334350585938,11,7.458981711647727,0.14203090530534446,7.49864990234375,6.0242626953125,9.0367431640625,11,24.642424149946734,0.31350191912868136,23.383333206176758,20.183332443237305,28.549999237060547,11,6.3500000130046494,0.4696876973153316,7.649999618530273,0.9666666984558105,11.533333778381348,11,1344.1818181818182,38.29398714602849,1438,1003,1686
Viburnum formosanum,formosanum,148,18.060501137295283,0.022746146958231083,19.162500381469727,13.477083110809328,21.35083293914795,148,4.38222547376478,0.007140240749745574,4.1160267639160155,3.467041534423829,5.017284881591797,148,23.07837833584966,0.025871751792080705,24.425000190734863,17.861666870117187,27.155000114440917,148,12.394594639539719,0.02337436659967012,13.625,7.673333168029785,15.433333396911621,148,2726.5810810810813,3.8756325200495474,2731.5,2013.1000000000001,3363.1
Viburnum furcatum,furcatum,2938,8.35603017430471,0.0011359523337386578,8.408333778381348,4.287499904632568,12.729166984558105,2938,8.588447979952381,5.281842132066148e-4,8.826029052734375,7.624587097167969,9.949176635742187,2938,18.819361250768964,9.167778012261443e-4,18.641666412353516,15.516666412353516,22.399999618530273,2938,-2.1255389126239583,0.0016216621311655334,-2.183333396911621,-7.7833333015441895,4.099999904632568,2938,1724.7059223961878,0.18734339759563132,1734,1131,2299.1000000000013
Viburnum glaberrimum,glaberrimu,8,19.552083015441895,0.5437252759130036,22.118749618530273,14.288749694824219,23.343749809265137,8,1.033526873588562,0.030946639349888564,1.0039645767211913,0.7709991416931153,1.2938443298339843,8,20.65833330154419,0.5448509617244431,23.06666660308838,15.260000228881836,24.434999465942383,8,18.08958339691162,0.5425209779937322,20.71666717529297,12.773333835601807,21.699999237060545,8,2833.5,43.23250058859489,2885.5,2432.9,3238.8999999999996
Viburnum glabratum,glabratum,7,18.777976172310964,0.9327598420752407,19.674999237060547,10.629166603088379,26.497499847412108,7,0.44456104823521203,0.04385364033609579,0.3340240478515625,0.26151514053344727,0.7470164642333986,7,19.330952508108957,0.9657713850927193,19.96666717529297,11,27.283333587646485,7,18.238095419747488,0.8925541499395014,19.200000762939453,10.383333206176758,25.503333282470706,7,1720.857142857143,78.14405102994252,1717,1156,2258.2000000000007
Viburnum glomeratum,glomeratum,34,7.786274433135986,0.08062898945961047,8.8125,3.9349999904632567,10.875833320617675,34,6.145678298052619,0.03261246349716622,5.9584722900390625,4.830885742187499,7.663365539550781,34,15.042156892664293,0.06651864125919676,15.316666603088379,11.963333415985108,17.72500057220459,34,0.014705896377563477,0.11400212249129055,1.3833333253860474,-5.4700000286102295,4.356666803359985,34,913.5294117647059,8.574037281423855,872,631.2,1332.1
Viburnum grandiflorum,grandiflor,66,10.336426756598733,0.07449077381246899,11.639583587646484,4.514583349227905,14.918749809265137,66,6.691123888420337,0.018301176909569547,6.728854370117188,4.908189849853516,8.302220458984376,66,18.075000128962778,0.07713330476420915,19.399999618530273,11.458333492279053,23.074999809265137,66,1.6580807923367529,0.0761311465760414,2.825000047683716,-3.833333373069763,5.8416664600372314,66,1112.7878787878788,6.041710938830718,1122.5,623,1566
Viburnum hallii,hallii,218,14.902370046038147,0.018811952459235698,14.777083396911621,9.994583415985108,19.879166221618654,218,0.4705261284714445,0.001613684728334883,0.3762857055664062,0.1890961608886719,0.7759939041137696,218,15.379587138464691,0.01911997491542042,15.599999904632568,10.30166654586792,20.386666488647464,218,14.265443475968247,0.018818171268845694,13.816667079925537,9.54166669845581,19.221666908264165,218,1181.3119266055046,2.429087879526841,1034.5,722.7,1754.6000000000001
Viburnum hanceanum,hanceanum,8,20.706249713897705,0.333368596453303,21.91666603088379,16.886665916442873,22.813333892822264,8,5.570553131103516,0.20707269182768173,5.2324349975585935,3.515644226074219,7.419167358398437,8,26.852083444595337,0.17247841892880206,26.324999809265137,25.66666660308838,28.518333625793456,8,13.364583194255829,0.5550257760790145,15.133333206176758,7.624999952316284,17.766666412353516,8,1697.75,25.908988201835616,1663,1474.3999999999999,1942
Viburnum hebanthum,hebanthum,1248,15.005555521219204,0.00364822179397995,14.43541669845581,10.004166603088379,22.483333587646484,1248,3.7714871354592154,0.0015965597231080578,4.443358001708985,0.5039991760253906,5.501873168945313,1248,19.136057670299824,0.0032939491289363373,19.25,14.316666603088379,24.899999618530273,1248,9.994230766326954,0.004871283564172074,8.583333015441895,3.683333396911621,19.600000381469727,1248,1525.628205128205,0.5154679597435302,1340.5,878,2331
Viburnum henryi,henryi,8,11.893749952316284,0.412341595468584,10.81041669845581,8.96958303451538,16.093333530426026,8,7.519078750610352,0.12013490912657772,7.879405212402344,6.828591003417969,7.989272644042969,8,20.983333349227905,0.4540028093696879,20.44166660308838,16.679999923706056,25.26333351135254,8,2.439583372324705,0.409727848636017,2.7333332896232605,-0.9849999636411663,6.286666679382324,8,1282.25,22.912561861813458,1271.5,1118.1000000000001,1469.2
Viburnum hispidulum,hispidulum,15,19.739444224039712,0.31163741644094134,18.633333206176758,16.57750015258789,25.639166259765624,15,0.3849075469970703,0.005260290887110545,0.37019638061523436,0.31682482528686523,0.5164784698486328,15,20.207777786254884,0.31665631723399107,19.116666793823242,17.033333587646485,26.213333129882813,15,19.24555555979411,0.304953951683175,18.16666603088379,16.11999969482422,24.893333435058594,15,2494.866666666667,9.527999395821375,2488,2364.6,2616.4
Viburnum hupehense,hupehense,1280,9.401057929266244,0.002436275307246866,9.058333396911621,6.754166603088379,13.574999809265137,1280,4.887805018424988,0.0015673844634860642,3.715087585449219,3.2344821166992186,8.141116943359375,1280,15.007942633703351,0.0033099175920745967,13.483333587646484,10.75,21.700000762939453,1280,2.9753906287660357,0.002915144788386939,2.566666603088379,-1.5666667222976685,7.800000190734863,1280,2598.3125,1.167649032373259,3107,706,4326
Viburnum ichangense,ichangense,5310,12.641443815967682,3.528990235906377e-4,12.625,10.495833396911621,15.041666984558105,5310,8.438539097902689,2.010900511819783e-4,8.462174072265626,7.5424658203125,9.7339019775390625,5310,22.886641555901075,3.306740703628906e-4,23.066665649414063,20.91666603088379,24.733333587646484,5310,2.2122347784539063,5.349447345769456e-4,2.4166667461395264,-1.6000001430511475,5.800000190734863,5310,1584.3077212806027,0.07413946931064334,1508,1204,2085
Viburnum inopinatum,inopinatum,18,22.41458331214057,0.16045043549331045,22.887499809265137,19.488333320617677,25.483750534057616,18,2.50583622402615,0.017204585455958345,2.6520245361328127,1.9840717926025393,2.7735399169921875,18,24.913888719346787,0.175046034521663,25.59166717529297,21.423333358764648,28.165000343322752,18,18.886111312442356,0.14220772567744666,19.050000190734863,16.61333351135254,21.706666946411133,18,1293.6666666666667,19.65836573828972,1149.5,1050.6,1987.6
Viburnum integrifolium,integrifol,133,14.678289506668435,0.018335495171198226,14.366666793823242,12.087499618530273,17.795000076293945,133,3.732857060253172,0.006891470229929492,3.59025390625,3.045998229980469,4.141482238769531,133,18.813408593486127,0.018948218433532726,18.46666717529297,16.176666259765625,21.98000030517578,133,9.672305769041964,0.021188732655280845,9.300000190734863,6.933333396911621,13.183333396911621,133,2811.6165413533836,4.241855433043846,2767,2303,3403
Viburnum jamesonii,jamesonii,37,11.726013608880946,0.05261130471438,11.716667175292969,9.491666793823242,13.375,37,0.33195658348702095,0.002721522473350309,0.27427574157714846,0.23580934524536132,0.4709002456665039,37,12.09054048641308,0.052655041147215,12.066666603088379,9.816666603088379,13.766666412353516,37,11.30315315401232,0.05600508776056539,11.5,8.966666221618652,13.066666603088379,37,1211.3513513513512,4.2390437330613375,1137,1036,1392
Viburnum japonicum,japonicum,265,17.33103771929471,0.011547270454795509,16.612499237060547,13.645000076293945,22.264999771118163,265,6.190187901910746,0.005875188627085806,6.946788940429688,3.9094873046875,7.665945922851563,265,24.91194976230837,0.010170610299670532,25.5,22.003333282470706,27.493333435058595,265,9.67628929075205,0.016277754177525694,8.066666603088379,5.69333324432373,16.879999923706055,265,2190.4150943396226,1.776895902487477,2242,1535.8000000000002,2674
Viburnum jucundum,jucundum,168,15.823759958857583,0.016109583638932827,15.222916603088379,13.120833396911621,18.855416297912598,168,1.5237930527187529,0.0012863214371959632,1.5257015991210938,1.4145439453125,1.7041560363769532,168,17.322519881384714,0.016729624058979778,16.741666793823242,14.528332901000976,19.951667404174806,168,13.694246050857362,0.015998797503587226,13.016666412353516,11.101666736602784,17.121666717529298,168,1333.3035714285713,2.8099119107393413,1184.5,1086,1516
Viburnum kansuense,kansuense,32,6.202864594757557,0.0713385001589628,6.183333396911621,3.2112500905990595,9.36124963760376,32,6.0015157699584964,0.022476900593228502,5.9819772338867185,5.472270324707031,6.383636840820312,32,13.187500014901161,0.07259782693766328,12.941667079925537,10.678333473205566,16.028332710266113,32,-1.5182291453238577,0.07792720816813524,-1.3500000834465027,-5.218333148956299,1.6049999535083788,32,735.03125,4.486444106326416,742,582.1999999999999,914.7
Viburnum lantana,lantana,142065,9.775966252275019,1.2250286124950728e-5,9.762499809265137,7.741666793823242,12.183333396911621,142065,6.2406068675404,6.438531818235119e-6,6.308956909179687,5.1287490234375,7.162917236328125,142065,17.597136168815062,1.239837555541714e-5,17.46666717529297,15.550000190734863,19.766666412353516,142065,2.3447894749179157,1.7069719600660464e-5,2.433333396911621,-0.5,5.300000190734863,142065,857.8189983458276,0.0015230007830886994,820,622,1159
Viburnum lantanoides,lantanoide,11083,6.29928719050067,1.900545290863985e-4,6.1541666984558105,3.9791665077209473,8.899166297912602,11083,9.683697896563467,1.0040859037372234e-4,9.8871435546875,8.342238159179688,10.860886962890625,11083,17.89171404822643,1.4020442723265683e-4,17.75,16.200000762939453,19.566667556762695,11083,-5.93676802641482,3.067469474004255e-4,-6.4666666984558105,-9.649999618530273,-0.5666667819023132,11083,1256.2965803482812,0.025778639206714093,1171,1021,1661
Viburnum lasiophyllum,lasiophyll,25,13.539999961853027,0.14480647194137033,12.958333015441895,10.066666603088379,16.606666946411135,25,0.36450307540893556,0.009839079356646074,0.2821385955810547,0.2318666877746582,0.47839696502685547,25,13.973999977111816,0.15113987636719828,13.283332824707031,10.516666412353516,16.94666633605957,25,13.103333320617676,0.14012031962467714,12.633333206176758,9.516666412353516,16.293333435058596,25,1575.56,19.603669996542315,1454,1060.2,2390.6000000000004
Viburnum lautum,lautum,927,16.13364344970308,0.0036068944701932656,15.612500190734863,12.523333168029787,21.527499771118162,927,1.5360909366299034,4.6133756380935194e-4,1.519637908935547,0.9380906524658204,2.0800258178710935,927,17.775458428466205,0.003692543174594247,17.350000381469727,13.97666702270508,22.870000076293945,927,14.039104591295557,0.0036315981005802384,13.133333206176758,10.583333206176759,19.266666412353516,927,1404.799352750809,0.5731346282562125,1203,1020.4,2291.3999999999996
Viburnum leiocarpum,leiocarpum,10,18.965416717529298,0.2866132936615027,17.5,16.289166831970213,23.328750610351563,10,4.607095947265625,0.03302542611602127,4.769492492675781,4.23834716796875,4.868040618896484,10,23.829999732971192,0.28469699006710003,22.591666221618652,21.2516658782959,27.66166706085205,10,12.646666526794434,0.2951017773074912,11.558332920074463,9.676666736602783,17.156666564941407,10,1516,17.368937791356153,1508,1372.2,1699
Viburnum lentago,lentago,21750,10.900674517947367,1.2387409474812094e-4,11.154167175292969,6.979166507720947,13.816666603088379,21750,9.297744341549928,4.88016174613605e-5,9.038624877929687,8.164163208007812,10.546026855468753,21750,22.095191576859047,8.617961242687166e-5,22.233333587646484,19.41666603088379,24.399999618530273,21750,-0.8821417638411124,1.8333738751955908e-4,-0.30000001192092896,-6.349999904632568,3.183333396911621,21750,1059.625471264368,0.0069445030414455764,1069,884.9000000000001,1241
Viburnum lepidotulum,lepidotulu,195,21.28288458310641,0.018043330825290506,21.370834350585938,16.58333396911621,26.258333206176758,195,2.756600320669321,0.009867380033294298,1.7216700744628906,1.1570189666748047,5.916195068359375,195,24.43256411919227,0.020481166152354274,24.983333587646484,18.899999618530273,28.5,195,17.666410284775953,0.022685465808227383,17.850000381469727,12.25,23.66666603088379,195,1659.1846153846154,3.6968727718420946,1614,710,2464
Viburnum lobophyllum,lobophyllu,1280,9.401057929266244,0.002436275307246866,9.058333396911621,6.754166603088379,13.574999809265137,1280,4.887805018424988,0.0015673844634860642,3.715087585449219,3.2344821166992186,8.141116943359375,1280,15.007942633703351,0.0033099175920745967,13.483333587646484,10.75,21.700000762939453,1280,2.9753906287660357,0.002915144788386939,2.566666603088379,-1.5666667222976685,7.800000190734863,1280,2598.3125,1.167649032373259,3107,706,4326
Viburnum loeseneri,loeseneri,36,16.0545138253106,0.05201046447125993,15.731249809265137,14.239583015441895,16.74583339691162,36,2.213612971835666,0.007707003533455091,2.208296203613281,1.8692827606201172,2.5203601837158205,36,18.467129548390705,0.056434245220175955,18.199999809265137,16.22499990463257,19.533333778381348,36,13.041203631295097,0.05272152614736511,12.71666669845581,11.566666603088379,13.65833330154419,36,987.5555555555555,3.721993859640455,1011,885.5,1109.5
Viburnum lutescens,lutescens,82,20.127896378679974,0.06076343360453188,21.310416221618652,12.747916412353515,25.823333168029787,82,1.5635628358329214,0.024965597119921027,0.46704069137573245,0.30990344619750976,4.7723924255371095,82,21.8315039727746,0.06587628483801317,22.824999809265137,13.986666488647462,27.756666183471683,82,18.07378050939339,0.07006295103625093,18.566665649414063,11.041666412353516,25.26166648864746,82,2448.731707317073,9.184852987616424,2449,1606.9,3340.6000000000004
Viburnum luzonicum,luzonicum,2306,18.561676029526247,0.0013789212489566931,19.508333206176758,13.358333587646484,21.587499618530273,2306,4.207213656350207,3.552533494336566e-4,4.378483581542969,3.3660821533203125,4.9448089599609375,2306,23.368372371273257,0.0015500053960242697,24.266666412353516,17.549999237060547,27.049999237060547,2306,13.134345198856265,0.0013845773085128324,13.933333396911621,8.149999618530273,16.049999237060547,2306,2754.5290546400693,0.1967683524517475,2794,2189,3234
Viburnum macrocephalum,macrocepha,55,14.493030288002707,0.05581901505606756,15.479166984558105,9.654166984558106,17.516666412353516,55,7.961693409312855,0.02641993924995001,8.184695434570312,6.690816894531251,9.284096557617188,55,24.049696870283647,0.0555965107966655,25.08333396911621,19.399999618530273,27.019999694824218,55,4.41000001498244,0.07377812617478523,4.800000190734863,-0.9799999475479122,8.663333511352539,55,1174.2181818181818,5.311927532997206,1188,745.4000000000001,1503
Viburnum maculatum,maculatum,1,15.333333015441895,NA,15.333333015441895,15.333333015441895,15.333333015441895,1,6.428358154296875,NA,6.428358154296875,6.428358154296875,6.428358154296875,1,23.516666412353516,NA,23.516666412353516,23.516666412353516,23.516666412353516,1,7.916666507720947,NA,7.916666507720947,7.916666507720947,7.916666507720947,1,1429,NA,1429,1429,1429
Viburnum melanocarpum,melanocarp,2,6.452083110809326,0.06629126073623882,6.452083110809326,6.377083110809326,6.527083110809326,2,7.705772705078125,0.015061408965971902,7.705772705078125,7.688732666015625,7.722812744140625,2,15.724999904632568,0.05303321089386392,15.724999904632568,15.664999675750732,15.785000133514405,2,-3.291666626930237,0.08838843194201547,-3.291666626930237,-3.3916667222976686,-3.191666531562805,2,1309.5,0.3535533905932738,1309.5,1309.1,1309.8999999999999
Viburnum microcarpum,microcarpu,131,15.854548290485644,0.018796113650473234,15.816666603088379,12.77500057220459,18.737499237060547,131,2.006011355451045,0.002182059439215916,2.0224124145507814,1.6192497253417968,2.2987481689453126,131,17.9818066240267,0.01990013425729881,17.766666412353516,14.933333396911621,21.05000114440918,131,13.107506384376352,0.01720213703515437,13.033332824707031,10.316666603088379,15.866666793823242,131,1423.9465648854962,3.0740894675634443,1329,1007,1899
Viburnum microphyllum,microphyll,927,16.13364344970308,0.0036068944701932656,15.612500190734863,12.523333168029787,21.527499771118162,927,1.5360909366299034,4.6133756380935194e-4,1.519637908935547,0.9380906524658204,2.0800258178710935,927,17.775458428466205,0.003692543174594247,17.350000381469727,13.97666702270508,22.870000076293945,927,14.039104591295557,0.0036315981005802384,13.133333206176758,10.583333206176759,19.266666412353516,927,1404.799352750809,0.5731346282562125,1203,1020.4,2291.3999999999996
Viburnum molle,molle,48,12.97291668256124,0.05232839151689541,13.014583110809326,10.387916374206544,14.74000015258789,48,8.98662826538086,0.015253798709683615,8.980983276367187,8.24282061767578,10.012884887695314,48,23.73854172229767,0.03958139964400686,24.050000190734863,21.754999542236327,25.136666488647464,48,1.4694444531730066,0.06906182731542358,1.5416666865348816,-1.9850000858306884,3.7983333587646486,48,1117.2708333333333,2.018941680545516,1107.5,984.9000000000001,1206.6
Viburnum mongolicum,mongolicum,19,3.386184202997308,0.2002260620721518,5.629166603088379,-2.8233333110809324,5.629166603088379,19,10.953549194335938,0.18959508395539768,8.595148315429688,8.595148315429688,16.920197021484377,19,16.45350862804212,0.06652517757319115,16.266666412353516,15.27333335876465,17.873332977294922,19,-10.598245595630846,0.45420282732721506,-5.050000190734863,-24.876666641235353,-5.050000190734863,19,605.5263157894736,7.208869242746672,713,409.2,713
Viburnum mullaha,mullaha,150,13.169222269058228,0.033440157926255785,13.258333206176758,7.304166793823242,18.162500381469727,150,5.323420235188802,0.008350108033304179,4.835261535644531,4.324689025878906,7.391870727539063,150,18.986888942718505,0.03550732825436853,18.350000381469727,13.716667175292969,25.21666717529297,150,6.059333358903726,0.033893362900260925,6.516666889190674,0.43333330750465393,11.25,150,1363.96,3.357019103127374,1324,671,1949
Viburnum nervosum,nervosum,320,13.601445269212126,0.01967349180935485,13.899999618530273,4.454166889190674,21.608333587646484,320,4.931931055903434,0.00574405012214163,5.051483154296875,2.356408172607423,7.098506164550783,320,19.162447875738145,0.01917571577121385,17.96666717529297,11.449999809265137,27.333332443237307,320,7.165729151852429,0.022261675343280704,6.741666555404663,-2.883333444595337,17.600000381469727,320,1472.28125,1.999142007499339,1333,769,2491
Viburnum nudum,nudum,8996,11.759424569129964,6.289293265688556e-4,11.770833015441895,4.541666746139526,19.35416603088379,8996,8.490244456520607,1.8620502036474746e-4,8.66453369140625,6.421984558105469,10.835116577148437,8996,21.92265449836022,4.403665209889241e-4,22.316665649414063,16.84166717529297,26.983333587646484,8996,1.025863346144197,8.510549120029914e-4,1.1166666746139526,-9.300000190734863,11.158332824707031,8996,1236.3303690529124,0.024832647843045542,1185,1001.5,1584.5
Viburnum obovatum,obovatum,1686,21.126996831113335,9.685601014785646e-4,21.350000381469727,19.391666412353516,22.816667556762695,1686,5.219554700840128,5.469329616561542e-4,4.9220669555664065,4.337126159667969,6.368744506835937,1686,27.135626653759505,3.311719188462569e-4,27.03333282470703,26.66666603088379,27.78333282470703,1686,14.423171195624704,0.0016332518667760533,14.966667175292969,11.383333206176758,17.25,1686,1343.2918149466193,0.06400695626844678,1301,1255,1541
Viburnum obtectum,obtectum,32,15.14049482345581,0.04570674864300245,14.96666669845581,13.702499866485596,17.045832824707034,32,0.3484409016370773,0.0025730774182871857,0.35452890396118164,0.23869516563415527,0.46643711090087897,32,15.506250143051147,0.046200862929149815,15.34166669845581,14.018333053588867,17.36500110626221,32,14.680729120969772,0.044879125803401566,14.449999809265137,13.196666145324707,16.584999656677248,32,1734.65625,19.90288703643312,1362,1101.7,2492.3999999999996
Viburnum obtusatum,obtusatum,22,15.460037794980137,0.14495919335297913,13.75,12.425000381469726,18.690415954589845,22,1.6374567205255681,0.013079217012613286,1.5090946960449219,1.4702864074707032,1.7941570587158204,22,17.107575850053266,0.16162869017200637,15.199999809265137,13.831666660308837,20.913333129882812,22,13.186363697052002,0.13074768567375475,11.625,10.368333625793458,16.406667137145998,22,1390.8636363636363,18.765350769518243,1215,1149.4,1535
Viburnum odoratissimum,odoratissi,3385,18.17088252747957,0.0011395877742901555,17.725000381469727,13.820833206176758,22.891666412353516,3385,5.3172568789641295,6.364732845646622e-4,4.917599182128907,2.9305084228515623,7.814060668945313,3385,24.495686843229713,8.426695649963352e-4,24.78333282470703,20.899999618530273,27.616666793823242,3385,11.472151628920212,0.0017183748000396623,12.449999809265137,4.633333206176758,18.58333396911621,3385,2074.3527326440176,0.20361368305860955,1903,1289,3036
Viburnum oliganthum,oliganthum,46,11.765126819195954,0.06253126895523824,12.493750095367432,7.058333396911621,14.770833015441895,46,5.094060390306556,0.02685143163010585,4.57087890625,4.337245483398437,5.800439758300781,46,17.390579741934072,0.058040548446511485,17.483333587646484,13.991666793823242,19.93333339691162,46,5.041666713745697,0.0781756019910906,5.433333396911621,-0.0583333782851696,8.800000190734863,46,1198.6304347826087,5.238496681647377,1242,924,1437
Viburnum opulus,opulus,389300,8.360930537688452,5.972066966352789e-6,8.829166412353516,5.270833492279053,10.745833396911621,389300,6.6491361724438045,4.453361452921528e-6,6.388773803710938,4.7542059631347655,9.015847778320312,389300,16.661548760980253,4.351560278331509e-6,16.549999237060547,14.833333015441895,18.733333587646484,389300,0.3962201392072367,1.0810138518847334e-5,1.2333333492279053,-5.349999904632568,4.483333587646484,389300,808.2364038016954,6.139716114590834e-4,772,585,1105
Viburnum orientale,orientale,24,7.094791740179062,0.16870243437097945,7.504166841506958,0.33916676044464356,11.27999973297119,24,7.47056640625,0.02061518089084018,7.2798974609375,6.911363464355469,8.21509521484375,24,15.981250047683716,0.1656336598230527,16.55833339691162,9.101666831970217,19.639999961853025,24,-2.185416653752327,0.16371727842361186,-1.5416666269302368,-8.593333482742308,2.4066667556762678,24,1019.875,12.115638428078297,1115.5,662,1382.8999999999999
Viburnum parvifolium,parvifoliu,2396,18.271363697585357,0.0014658542666074184,19.422916412353516,12.9375,21.554166793823242,2396,4.1883197602604785,3.4063685577845934e-4,4.320344848632812,3.359879150390625,4.941956787109375,2396,23.05257374177592,0.0016374917518871411,24.116666793823242,17.149999618530273,27.049999237060547,2396,12.861185320082411,0.0014533189794391512,13.833333015441895,7.849999904632568,15.941666603088379,2396,2778.948664440735,0.1989928503489631,2840,2201.5,3261
Viburnum phlebotrichum,phlebotric,807,11.163486160494877,0.00252825896404418,11.216666221618652,8.612500190734863,13.627499961853026,807,8.282811140133694,5.998922107827449e-4,8.306774291992188,7.788812866210938,8.817161743164062,807,21.312907861806497,0.002358841510399704,21.5,18.936666870117186,23.616666793823242,807,1.139012805434334,0.0028932401691344526,1.1666666269302368,-1.7066666603088376,4.0900000572204585,807,1623.4213135068153,0.48461646682832754,1560,1245.4,2040
Viburnum pichinchense,pichinchen,228,12.390095003864221,0.012364727565693236,12.141666412353516,8.862500190734863,15.610833549499512,228,0.26245728024265225,4.930732191710597e-4,0.22609167098999022,0.16072757720947264,0.41973011779785174,228,12.689473714744835,0.01253100209839297,12.475000381469727,9.033332824707031,15.953332710266114,228,12.082529245761403,0.012157002690222065,11.866666793823242,8.766666412353516,15.363333797454835,228,1623.3684210526317,2.2204825138510724,1568,1015,2380.2000000000003
Viburnum plicatum,plicatum,10458,11.139967816199507,2.7909207525906584e-4,11.445833206176758,7.502916622161865,14.012499809265137,10458,8.408687449499215,1.364256870555765e-4,8.775482177734375,6.672382202148437,9.608482666015625,10458,21.367184593290414,2.702001846339611e-4,21.91666603088379,17.016666412353516,24.166667938232422,10458,0.722703515926425,3.72132019761246e-4,0.8166666626930237,-3.7933332920074445,5.2166666984558105,10458,1384.9254159495124,0.04806187602646852,1183,973,1988.300000000001
Viburnum propinquum,propinquum,197,13.49111674642805,0.012758285827071203,13.120833396911621,10.755833244323732,17.045000076293945,197,4.081394084407593,0.007590480626009795,3.7527639770507815,3.2320594482421874,7.104667602539065,197,18.08908617435978,0.017445887918500425,17.41666603088379,14.800000190734863,24.116667556762696,197,8.05228426704552,0.014299880758162116,7.816666603088379,5.310000038146972,12.219999885559083,197,2675.9340101522844,3.603642828919556,2784,1350.2000000000003,3484
Viburnum prunifolium,prunifoliu,16647,12.001714269198432,1.0464936166193377e-4,11.737500190734863,9.908332824707031,14.330833053588865,16647,8.929397359721873,3.985751532075913e-5,8.94859375,7.967063842773437,9.848018920898436,16647,22.804580411775238,8.175953673746933e-5,22.700000762939453,21.116666793823242,24.616666793823242,16647,0.7195470657089074,1.468150677979374e-4,0.48333343863487244,-2.183333396911621,4.040000057220453,16647,1104.541178590737,0.006770396712416541,1112,963,1260.3999999999996
Viburnum punctatum,punctatum,9191,11.961478176215744,6.29521096637944e-4,11.875,4.599999904632568,19.487499237060547,9191,8.368597126905657,2.037632925311726e-4,8.637667846679687,6.364036865234375,10.81811279296875,9191,21.97590576330008,4.328672559732492e-4,22.350000381469727,16.866666793823242,27.03333282470703,9191,1.3789159686045596,8.672559019897867e-4,1.2000000476837158,-9.283332824707031,11.466666221618652,9191,1245.3018169948864,0.02742377376517714,1189,1001,1597
Viburnum pyramidatum,pyramidatu,1,20.4375,NA,20.4375,20.4375,20.4375,1,4.782027282714844,NA,4.782027282714844,4.782027282714844,4.782027282714844,1,25.600000381469727,NA,25.600000381469727,25.600000381469727,25.600000381469727,1,13.966666221618652,NA,13.966666221618652,13.966666221618652,13.966666221618652,1,1738,NA,1738,1738,1738
Viburnum rafinesquianum,rafinesqui,2511,7.696362654130708,0.0017630992251677787,6.879166603088379,2.2791664600372314,15.233333587646484,2511,10.573743096294274,7.862017996532545e-4,10.5288232421875,7.909922485351562,13.4779248046875,2511,20.182291242051818,0.0010537380849994736,19.433332443237305,17.433334350585938,24.799999237060547,2511,-5.891922206473366,0.002795756890111591,-6.983333587646484,-15.533332824707031,5.25,2511,883.589406610912,0.08396976746090945,906,575,1155
Viburnum recognitum,recognitum,1434,10.01416201388653,0.0016487996042137657,9.839582920074463,7.176249837875366,12.929166793823242,1434,9.20683593366934,5.24437623053394e-4,9.146545715332032,8.416104431152343,10.242974182128908,1434,21.11515574009681,0.0013390893874674211,20.91666603088379,18.75999984741211,23.661666107177737,1434,-1.599558343194245,0.0022127052510423992,-1.7916666269302368,-5.383333206176758,2.1500000953674316,1434,1101.2329149232914,0.08410608823277789,1122.5,945,1221.7
Viburnum rhytidophyllum,rhytidophy,16755,9.47831094925598,6.3246794538184e-5,9.408332824707031,8.368333435058595,10.579166412353516,16755,6.521351268024951,4.145940254367905e-5,6.550646362304687,5.793075073242187,7.315781860351563,16755,17.603491493340073,8.20766297268154e-5,17.41666603088379,16.28333282470703,18.933332443237305,16755,1.6109280801626562,8.166809882253257e-5,1.5,-0.0666666030883789,3.433333396911621,16755,783.8405252163533,0.010950005688434638,763,572,1013
Viburnum rufidulum,rufidulum,4133,17.368340187951897,5.399678574587145e-4,18.137500762939453,13.858333587646484,19.70833396911621,4133,7.898192450936182,2.0106192996658314e-4,8.046987915039063,6.954618286132812,9.024349609375,4133,26.83645051771118,3.9192210518907875e-4,27.41666603088379,24.33333396911621,28.5,4133,7.323417221159716,7.519000958663827e-4,8.050000190734863,2.4666666984558105,10.683333396911621,4133,1053.3476893297848,0.05106903574070283,1005,831,1386.8000000000002
Viburnum rugosum,rugosum,193596,13.001877192281077,1.0105613776578179e-5,13.074999809265137,10.379166603088379,15.274999618530273,193596,5.8498059057582,4.25497817210773e-6,5.827085571289063,4.768454895019532,6.796639404296875,193596,20.451936503388094,1.2504091774245256e-5,20.883333206176758,17.08333396911621,23.149999618530273,193596,6.217656355607887,1.0836412677442309e-5,6.150000095367432,3.7333333492279053,8.916666984558105,193596,732.8767536519349,9.438011564909155e-4,719,531,940
Viburnum sambucinum,sambucinum,327,21.838073371747218,0.012095629079881312,22.649999618530273,16.888333511352542,26.116667175292974,327,0.7292804571029243,0.002557972514163333,0.4153082275390625,0.2798497886657715,1.9737485656738374,327,22.607339360298365,0.012010731741956365,23.266666412353516,18.299999618530272,26.69999923706056,327,20.86758414102257,0.01308616233552481,21.58333396911621,16.033333587646485,25.503333282470706,327,2602,2.320505927639566,2748,1371.0000000000005,3523.8
Viburnum sargentii,sargentii,1226,6.850893825401723,0.0031659608167205464,7.53125,0.88958340883255,11.068749904632568,1226,10.59010313074507,0.0018691788734008547,9.948402709960938,8.6738433837890625,14.5617431640625,1226,19.389246872937697,0.0020248481156234116,19.20833396911621,16.29166603088379,22.683334350585938,1226,-6.647634588681818,0.005492631330042222,-4.308333396911621,-18.524999618530273,-0.4750000089406967,1226,1171.4404567699837,0.3124681718463112,1272,679.5,1620
Viburnum scabrellum,scabrellum,9609,13.154454130103653,4.177771450426864e-4,12.445833206176758,8.774999618530273,19.516666412353516,9609,8.365217482286656,1.2284112122744323e-4,8.749463500976562,6.466878051757813,9.54088134765625,9609,23.25979809369514,2.837423728651474e-4,23.149999618530273,19.816667556762695,27.166667938232422,9609,2.641018830884691,5.575023778593228e-4,1.4500000476837158,-3.5,11.350000381469727,9609,1190.2803621604746,0.019128667813949205,1153,1023,1504
Viburnum schensianum,schensianu,15,10.203055556615194,0.1947187575997101,10.074999809265137,7.4825001716613775,13.931666755676268,15,8.18391796875,0.05438610851591807,7.966829833984375,7.697302490234376,9.199853881835939,15,20.05777753194173,0.2305490874490565,19.75,16.986666107177733,24.706666564941408,15,-0.23666666050752003,0.17848430904210935,-0.03333330154418945,-3.3133333683013912,2.2833334445953364,15,847.6,16.20152452164292,786,584,1199.6
Viburnum seemenii,seemenii,172,18.101623074952947,0.01575714246987473,18.104166984558105,14.908333778381348,21.320416641235354,172,1.8423472408915675,0.004592811397456364,1.7410782623291015,1.0197990646362305,3.0901069335937503,172,19.900387658629306,0.017136591360222518,20.074999809265137,16.353333854675295,23.698334121704104,172,15.570445809253426,0.015950941109057346,15.716667175292969,12.418333625793457,18.95999984741211,172,921.7209302325581,1.9425726290640477,779,629,1348.7
Viburnum sempervirens,sempervire,80,19.535624980926514,0.02685668382356109,19.43958282470703,16.720416259765624,21.886249351501466,80,6.201813396453858,0.01741379898229068,6.5748315429687505,4.786757568359375,7.709990966796875,80,26.549166440963745,0.021105185099962794,27.09999942779541,23.629999923706055,28.034999465942384,80,11.461666679382324,0.04322312224157484,10.974999904632568,7.496666622161865,15.133333396911624,80,1636.325,3.469469448710851,1593.5,1272.9,2037.5000000000002
Viburnum setigerum,setigerum,341,12.963514200753131,0.005670010547956368,12.712499618530273,11.241666793823242,15.654167175292969,341,8.65742877143569,0.0017010748283345235,8.778667602539063,8.059281616210937,9.017318115234374,341,23.4874879160235,0.0051545376360356224,23.266666412353516,21.799999237060547,25.433332443237305,341,2.126979467194101,0.006514649919564281,1.8833333253860474,0.333333283662796,5.25,341,1162.8826979472142,0.5567211445692777,1108,1036,1478
Viburnum sieboldii,sieboldii,1027,11.650701894035823,0.0016555591832537742,11.725000381469727,9.823333168029786,13.660000419616699,1027,8.8069767456649,5.31575506958243e-4,8.963717651367187,7.961385131835938,9.312464965820313,1027,22.40847125513064,0.0014229822972372489,22.66666603088379,20.616666793823242,24.016666412353516,1027,0.7634371955271754,0.0021510451145909278,0.5833332538604736,-1.7166666984558105,3.7766667366027797,1027,1353.8490749756572,0.33250535776096385,1205,1040.6,1855.4
Viburnum stellato-tomentosum,stellato-t,32,18.03580731153488,0.08722974201734526,18.572916984558105,16.20458278656006,20.120000076293945,32,0.6221025431156159,0.001846093539518594,0.609011745452881,0.5638074493408203,0.6966556854248047,32,18.81510439515114,0.09003440268424824,19.46666717529297,16.88666706085205,20.92833423614502,32,17.27656263113022,0.08700183304287977,17.741666793823242,15.396667003631592,19.399999618530273,32,2665.1875,14.667695204243463,2617.5,2224.5,3147
Viburnum stenocalyx,stenocalyx,86,14.11802330682444,0.040071594110176745,13.629166603088379,9.84583330154419,17.92708396911621,86,1.6460316742298216,0.005755830568347847,1.5771290588378908,1.329201431274414,1.8869666290283202,86,15.90484501594721,0.0442134370197732,15.400000095367432,11.183332920074463,19.866666793823242,86,11.881782886593841,0.038885211116538525,11.383333206176758,7.924999952316284,15.708333015441895,86,1027.7441860465117,2.6067787297359573,1044.5,825,1187.5
Viburnum stipitatum,stipitatum,23,16.95923913043478,0.15218006794265063,16.79166603088379,13.369999885559082,20.825000381469728,23,0.3270795780679454,0.005347732497355597,0.31583824157714846,0.1734149398803711,0.4681335754394531,23,17.30434803340746,0.15331451487040101,16.950000762939453,13.806666946411132,21.30666732788086,23,16.531159442404043,0.1502339308039585,16.58333396911621,12.989999961853027,20.383332824707033,23,1335.1739130434783,27.219164384826353,1104,889.4000000000001,2398.8000000000006
Viburnum subalpinum,subalpinum,17,6.389215707778931,0.18425187963416126,5.8458333015441895,3.5583333492279055,7.8458333015441895,17,5.9033325374827665,0.05791275179150996,5.856671752929688,5.274330688476562,6.0314263916015625,17,13.174509665545296,0.16858508182873624,12.616666793823242,10.469999694824219,15.829999923706055,17,-1.1117647079860462,0.2134481038666989,-1.6166666746139526,-4.333333492279053,0.6899999976158142,17,935.4117647058823,11.493944148389692,964,828,1042
Viburnum subsessile,subsessile,4,16.362499952316284,0.7346504374864697,15.522916793823242,14.274583435058593,19.12208299636841,4,0.3707998180389404,0.01101661719327648,0.35838367462158205,0.33796851348876955,0.41356403732299807,4,16.78333353996277,0.732132780824407,15.916666984558105,14.723333644866944,19.536666679382325,4,15.916666746139526,0.7047129879320889,15.099999904632568,13.92333345413208,18.56333351135254,4,1860.25,134.40522915794608,1917.5,1339.9,2334.8
Viburnum sulcatum,sulcatum,10,14.046666622161865,0.3270234706919852,12.577083110809326,11.050000190734863,17.978749465942382,10,1.3803069610595704,0.02286848950867402,1.3415191650390623,1.215584548950195,1.6925396118164064,10,15.799999809265136,0.3265381520390697,14.449999809265137,12.766666412353516,19.584999465942385,10,12.33499984741211,0.31226615637078414,10.824999809265137,9.516666412353516,16.1299991607666,10,1429.5,54.0116088344801,1287,1046.5,1611.5999999999995
Viburnum suspensum,suspensum,90,18.568935224745008,0.045117748190197926,19.99791717529297,12.281667041778565,22.884166526794434,90,4.94285686747233,0.014675022364270294,4.598045959472656,3.5499354248046875,6.870933166503907,90,24.43425946765476,0.04954652797951764,26.70833396911621,16.615000152587893,28.28833293914795,90,12.372592645221287,0.0480492625949196,12.741666793823242,7.075000143051147,17.28499946594238,90,1656.7888888888888,9.302443755618818,1601,548.7,2852.0000000000005
Viburnum sympodiale,sympodiale,66,12.150505022569137,0.03890831733097103,11.93541669845581,8.662500381469727,14.733333110809326,66,4.0065588841293795,0.019053433039659333,3.6686460876464846,3.149563903808594,5.550997009277344,66,16.669191938458066,0.049943287099831556,16.633333206176758,12.616666793823242,20.641666412353516,66,6.815656546616193,0.04110287906771975,7.325000047683716,3.0999999046325684,9.15833330154419,66,3013.0757575757575,10.746126186616777,3013.5,2139.5,4089.5
Viburnum taitoense,taitoense,171,13.777436669109857,0.01910167461438609,12.787500381469727,10.75,19.616666793823242,171,3.7533852506938734,0.003275795189167576,3.7072613525390623,3.203052673339844,4.236285705566406,171,17.935282746253655,0.020943191697296613,16.80000114440918,14.449999809265137,24.08333396911621,171,8.741325555489077,0.018132028201276938,7.9666666984558105,5.916666507720947,14.183332443237305,171,2917.8538011695905,3.1191002553398084,2845,2284,3564
Viburnum taiwanianum,taiwanianu,1250,11.34589999294281,0.0027292010110294518,11.912500381469727,6.566666603088379,14.954166412353516,1250,6.062485139160156,0.001967862994437452,4.576289367675781,3.31837158203125,9.064302368164062,1250,18.541946676635742,0.0022790721029029514,18.19999885559082,15.283333778381348,22.53333282470703,1250,3.7264800164580345,0.004490951626225503,5.599999904632568,-4.2833333015441895,9.683333396911621,1250,2500.2256,0.4879118041715014,2478,1762,3251
Viburnum tashiroi,tashiroi,7,20.561904907226563,0.08905621471298941,20.27916717529297,20.06166648864746,21.331666946411133,7,5.126117379324777,0.01051251047575826,5.140059204101562,5.029376525878906,5.187519897460938,7,26.823809487479075,0.08024732243042812,26.58333396911621,26.35666618347168,27.559999465942383,7,14.29285717010498,0.09621377398056984,14,13.73666706085205,15.073332977294921,7,2537.714285714286,20.336575121143685,2603,2399,2632.8
Viburnum ternatum,ternatum,5,15.233333587646484,0.3154648395909253,15.695833206176758,13.624166870117186,16.375833892822264,5,5.802209045410157,0.30346025814976996,4.7634716796875,4.698895874023438,7.518150146484375,5,21.786666488647462,0.4730950813100388,20.766666412353516,20.416666412353514,24.093333435058593,5,7.529999780654907,0.5162869286105168,8.833333015441895,4.676666593551635,9.469999694824217,5,1460,27.90017921089397,1548,1302.4,1562.6
Viburnum tinoides,tinoides,435,15.638342885861451,0.009461675836421345,15.350000381469727,10.4375,20.880833435058594,435,0.5412066833890717,0.0010374279980432752,0.37322818756103515,0.268603214263916,1.3617337036132813,435,16.21578548256008,0.009551828762611143,16.149999618530273,10.886666870117189,21.409999465942384,435,14.950574710451324,0.009374237886200794,14.516666412353516,9.936666488647461,20.183333587646487,435,1498.8091954022989,1.5239718615196363,1276,879.8000000000001,2437
Viburnum tinus,tinus,193596,13.001877192281077,1.0105613776578179e-5,13.074999809265137,10.379166603088379,15.274999618530273,193596,5.8498059057582,4.25497817210773e-6,5.827085571289063,4.768454895019532,6.796639404296875,193596,20.451936503388094,1.2504091774245256e-5,20.883333206176758,17.08333396911621,23.149999618530273,193596,6.217656355607887,1.0836412677442309e-5,6.150000095367432,3.7333333492279053,8.916666984558105,193596,732.8767536519349,9.438011564909155e-4,719,531,940
Viburnum toronis,toronis,252,17.49727183296567,0.011141858676273906,17.58333396911621,14.079166412353516,20.926666831970213,252,0.3134455555961246,3.6964499079383893e-4,0.2942310333251953,0.22100831985473632,0.4407065353393555,252,17.808531764953855,0.011271737650093292,17.78333282470703,14.384999847412109,21.31166744232178,252,17.081547540331645,0.010825114634459293,17.174999237060547,13.754999923706055,20.25,252,2358.190476190476,2.7375688004792824,2360,1635.1000000000001,3315.6
Viburnum treleasei,treleasei,1514,15.403137375845462,8.503637491365977e-4,15.412500381469727,14.341666221618652,16.862916564941408,1514,3.0808244265275397,6.243563520605585e-5,3.078659362792969,2.971916534423828,3.168630584716797,1514,19.697457060316278,7.827468691622857e-4,19.733333587646484,18.610000228881837,21.066665649414063,1514,12.156296794921593,8.979202783250918e-4,12.175000190734863,11.050000190734863,13.716666221618652,1514,1479.4214002642009,0.14075442593685925,1508,1188,1722
Viburnum trilobum,trilobum,389300,8.360930537688452,5.972066966352789e-6,8.829166412353516,5.270833492279053,10.745833396911621,389300,6.6491361724438045,4.453361452921528e-6,6.388773803710938,4.7542059631347655,9.015847778320312,389300,16.661548760980253,4.351560278331509e-6,16.549999237060547,14.833333015441895,18.733333587646484,389300,0.3962201392072367,1.0810138518847334e-5,1.2333333492279053,-5.349999904632568,4.483333587646484,389300,808.2364038016954,6.139716114590834e-4,772,585,1105
Viburnum triphyllum,triphyllum,641,13.046255859309538,0.004539717986248502,13.545833587646484,9.370833396911621,16.58333396911621,641,0.38607137992489915,2.2300404220682967e-4,0.35384784698486327,0.26582489013671873,0.5441146087646485,641,13.480655229779748,0.004559491579281871,14,9.816666603088379,16.91666603088379,641,12.569890831636378,0.004554985499584396,13.100000381469727,8.833333015441895,16.049999237060547,641,1207.5709828393135,0.5115240054001522,1139,896,1679
Viburnum undulatum,undulatum,325,14.475717993516188,0.006918742999167698,14.916666984558105,13.591666221618652,16.060000610351565,325,0.24171963812021108,1.9837573885364673e-4,0.23110389709472656,0.20500368118286133,0.27155541992187504,325,14.725025631831242,0.0070113475777466155,15.183333396911621,13.783332824707031,16.30333366394043,325,14.177692405994122,0.006748498872826887,14.633333206176758,13.350000381469727,15.600000381469727,325,2290.753846153846,0.635850846278127,2311,2190,2476.8
Viburnum urceolatum,urceolatum,1250,11.34589999294281,0.0027292010110294518,11.912500381469727,6.566666603088379,14.954166412353516,1250,6.062485139160156,0.001967862994437452,4.576289367675781,3.31837158203125,9.064302368164062,1250,18.541946676635742,0.0022790721029029514,18.19999885559082,15.283333778381348,22.53333282470703,1250,3.7264800164580345,0.004490951626225503,5.599999904632568,-4.2833333015441895,9.683333396911621,1250,2500.2256,0.4879118041715014,2478,1762,3251
Viburnum utile,utile,15,14.499166679382324,0.23292029588528507,15.162500381469727,12.265833473205566,17.227499771118165,15,7.7114847412109375,0.03907757818111737,8.036539306640625,7.051728759765625,8.217934204101562,15,23.718888918558758,0.26357462050372504,24.58333396911621,21.210000228881835,26.63000030517578,15,4.699999984105428,0.2165917665394578,5.0833330154418945,2.013333368301392,7.933333396911621,15,1192.9333333333334,16.891896557585515,1200,890.8,1446.4
Viburnum veitchii,veitchii,34,7.786274433135986,0.08062898945961047,8.8125,3.9349999904632567,10.875833320617675,34,6.145678298052619,0.03261246349716622,5.9584722900390625,4.830885742187499,7.663365539550781,34,15.042156892664293,0.06651864125919676,15.316666603088379,11.963333415985108,17.72500057220459,34,0.014705896377563477,0.11400212249129055,1.3833333253860474,-5.4700000286102295,4.356666803359985,34,913.5294117647059,8.574037281423855,872,631.2,1332.1
Viburnum venustum,venustum,79,14.5671941419191,0.0597852497695465,14.133333206176758,9.112500190734863,20.020833587646486,79,0.6551634457745129,0.0011442266381481911,0.6369167327880859,0.5537460632324219,0.7870639801025391,79,15.27911393250091,0.06147197733849218,14.84999942779541,9.666666984558105,20.876667022705078,79,13.715400804447222,0.0600595418726662,13.133333206176758,8.283332824707031,19.219999694824217,79,2739.8354430379745,6.734193513944027,2615,2207.8,3560.6000000000004
Viburnum vernicosum,vernicosum,9,20.791666772630478,0.46895103670542393,19.195833206176758,16.489166069030762,26.664166641235347,9,0.38744737413194447,0.005636853711018888,0.37019638061523436,0.35838544464111327,0.43550434875488275,9,21.266666200425888,0.4718508086219902,19.66666603088379,16.94333305358887,27.209999847412107,9,20.287037425571018,0.4624059311991252,18.71666717529297,16.020000648498534,25.96000061035156,9,2475.5555555555557,17.182041937958083,2469,2395.7999999999997,2646.3999999999996
Viburnum villosum,villosum,9958,13.454898881227479,4.32723922341425e-4,12.604166984558105,8.823749828338624,19.816667556762695,9958,8.098376071376,1.832066099086381e-4,8.737809448242187,6.3814764404296875,9.51837634277344,9958,23.233977691503288,2.788994667033884e-4,23.149999618530273,19.700000762939453,27.149999618530273,9958,3.274923006164856,6.301820240608572e-4,1.6500000953674316,-3.421666741371154,11.75,9958,1238.5608555934928,0.03425523644712243,1157,1023,1550
Viburnum wrightii,wrightii,2066,10.46953250972657,0.0013383757012634082,10.762499809265137,6.785416603088379,13.772916793823242,2066,8.685764781734028,2.917539542430873e-4,8.59025390625,7.981331176757813,9.490147705078126,2066,21.095563090205307,0.001244637222429085,21.433332443237305,17.78333282470703,24.100000381469727,2066,-0.07977573671680221,0.001554461539618557,0.27500003576278687,-4.333333253860474,3.883333444595337,2066,1579.444820909971,0.15260459193596482,1565.5,1204,1968.5
Viburnum yunnanense,yunnanense,2,16.512500762939453,0,16.512500762939453,16.512500762939453,16.512500762939453,2,4.904919738769531,0,4.904919738769531,4.904919738769531,4.904919738769531,2,21.850000381469727,0,21.850000381469727,21.850000381469727,21.850000381469727,2,9.950000762939453,0,9.950000762939453,9.950000762939453,9.950000762939453,2,1628,0,1628,1628,1628
