ClimateVariable,Site,AA,ClimateValuen,ClimateValueMean,ClimateValueSE
MeanTempAnnual_median,76,S,107,14.062616820647337,0.04377260469898522
MeanTempAnnual_median,76,N,24,14.970572928587595,0.10801363037023481
MeanTempAnnual_median,95,T,29,13.222270028344516,0.15871868737797834
MeanTempAnnual_median,95,S,101,14.502289630398892,0.0427391676063157
MeanTempAnnual_median,219,V,14,17.978422573634557,0.28250610432998846
MeanTempAnnual_median,219,C,17,15.464215755462646,0.1263346860302335
MeanTempAnnual_median,219,L,86,13.191521311915198,0.053387515214335116
MeanTempAnnual_median,225,L,69,14.71476450173751,0.058751295705610565
MeanTempAnnual_median,225,I,50,13.168249993324281,0.09991515043431082
MeanTempAnnual_median,226,Y,97,14.02774915744349,0.047022393023409874
MeanTempAnnual_median,226,F,21,14.163194372540428,0.2155527176100724
MeanTempAnnual_median,249,E,53,15.116273569610884,0.09476448961233994
MeanTempAnnual_median,249,D,66,13.080776514429035,0.05942709371895587
MeanTempAnnual_median,251,M,105,13.790019834609259,0.04140748032890641
MeanTempAnnual_median,251,I,13,15.96025639313918,0.4377054058791795
MeanTempAnnual_median,255,V,104,14.178685882916817,0.04389803585780578
MeanTempAnnual_median,255,I,14,12.934375064713615,0.3073590884045662
MeanTempAnnual_median,262,V,95,13.899320183302226,0.04814493969264067
MeanTempAnnual_median,262,A,20,14.244166576862336,0.22970395337180025
MeanTempAnnual_median,262,T,3,16.78194459279378,0.8800341573409197
MeanTempAnnual_median,279,T,102,13.875428915023804,0.044361879928144055
MeanTempAnnual_median,279,S,16,15.008854150772095,0.29012920729232916
MeanTempAnnual_median,309,M,107,14.288239880142925,0.042449136061738287
MeanTempAnnual_median,309,I,5,10.255416584014892,1.0226382642235021
MeanTempAnnual_median,317,A,91,13.85029763179821,0.051612006772558415
MeanTempAnnual_median,317,G,22,14.945454499938272,0.19533141408010388
MeanTempAnnual_median,328,A,101,13.952413379555882,0.04511507737384058
MeanTempAnnual_median,328,S,7,13.040773732321602,0.6917009095781622
MeanTempAnnual_median,328,G,4,19.909895658493042,0.38368163391743887
MeanTempAnnual_median,340,E,77,14.147186195695555,0.05858021752053036
MeanTempAnnual_median,340,D,35,14.022440372194563,0.1405179355578271
MeanTempAnnual_median,449,A,5,11.12416672706604,0.5442682316894663
MeanTempAnnual_median,449,C,53,12.687696551376918,0.09226289136483126
MeanTempAnnual_median,449,S,54,15.542476830659089,0.07550010778422589
MeanTempAnnual_median,475,L,51,13.677328488406014,0.08031287996446912
MeanTempAnnual_median,475,I,41,13.884400315401031,0.12170197133416392
MeanTempColdQuarter_median,76,S,107,6.703738318077314,0.06944316739070777
MeanTempColdQuarter_median,76,N,24,13.243402789036432,0.1771248604466249
MeanTempColdQuarter_median,95,T,29,4.813793079349502,0.23266128687373053
MeanTempColdQuarter_median,95,S,100,8.693750016391277,0.0741193308370211
MeanTempColdQuarter_median,219,V,14,13.34345246212823,0.5586384997841771
MeanTempColdQuarter_median,219,C,17,14.249509811401367,0.14297563781977687
MeanTempColdQuarter_median,219,L,86,5.064244171474562,0.07755050832357667
MeanTempColdQuarter_median,225,L,69,8.68369563528593,0.09278444373691071
MeanTempColdQuarter_median,225,I,50,5.622000019699335,0.1673112682506816
MeanTempColdQuarter_median,226,Y,97,7.579639176194815,0.07868492371357778
MeanTempColdQuarter_median,226,F,21,6.281746024886767,0.3073906623614929
MeanTempColdQuarter_median,249,E,53,8.282389932364788,0.14315636668297765
MeanTempColdQuarter_median,249,D,66,6.513131311558412,0.10976118821205737
MeanTempColdQuarter_median,251,M,105,7.073571435255664,0.07004880144707677
MeanTempColdQuarter_median,251,I,13,9.5032050517889175,0.6199993097714465
MeanTempColdQuarter_median,255,V,104,7.774278844993275,0.07211646994052824
MeanTempColdQuarter_median,255,I,14,4.219642839261463,0.4472426432955921
MeanTempColdQuarter_median,262,V,95,7.358947366868195,0.0797382010707324
MeanTempColdQuarter_median,262,A,20,6.124999988824129,0.32908854401194076
MeanTempColdQuarter_median,262,T,3,15.333333333333334,1.0863242261411066
MeanTempColdQuarter_median,279,T,102,7.249346417758395,0.07340742523199101
MeanTempColdQuarter_median,279,S,16,7.927083235234022,0.45793248509763806
MeanTempColdQuarter_median,309,M,107,7.611604364884791,0.0702213955282372
MeanTempColdQuarter_median,309,I,5,1.2666666507720947,1.2748098935430932
MeanTempColdQuarter_median,317,A,91,7.249816844178425,0.08577171662885169
MeanTempColdQuarter_median,317,G,22,7.436742458153855,0.29391351763320966
MeanTempColdQuarter_median,328,A,101,7.07780528090673,0.07356133383469968
MeanTempColdQuarter_median,328,S,7,4.216666621821267,0.7974060896875895
MeanTempColdQuarter_median,328,G,4,19.100000143051147,0.2784506611604377
MeanTempColdQuarter_median,340,E,77,7.907900435680693,0.10050765839544853
MeanTempColdQuarter_median,340,D,35,6.053333335689136,0.20229399521882918
MeanTempColdQuarter_median,449,A,5,3.1916667461395263,0.724217984720023
MeanTempColdQuarter_median,449,C,53,4.746698113685509,0.1398140519768025
MeanTempColdQuarter_median,449,S,54,9.791820989438781,0.12965679816822562
MeanTempColdQuarter_median,475,L,51,6.863725470707697,0.1382277840273107
MeanTempColdQuarter_median,475,I,41,6.350813006482473,0.1891046360429969
MeanTempWarmQuarter_median,76,S,103,20.871440054143516,0.03421521348983578
MeanTempWarmQuarter_median,76,N,24,16.47465278704961,0.09042139926448343
MeanTempWarmQuarter_median,95,T,29,21.042528678630962,0.12887140851213869
MeanTempWarmQuarter_median,95,S,99,19.83484842801335,0.03742855326950312
MeanTempWarmQuarter_median,219,V,14,22.094642775399343,0.13674952412714014
MeanTempWarmQuarter_median,219,C,17,16.481862713308896,0.126567244822918
MeanTempWarmQuarter_median,219,L,84,20.826388824553717,0.043410766359855475
MeanTempWarmQuarter_median,225,L,68,20.293259732863483,0.05756414881926453
MeanTempWarmQuarter_median,225,I,49,20.312074807225443,0.07066040868145969
MeanTempWarmQuarter_median,226,Y,94,20.004698514938354,0.03934543423779022
MeanTempWarmQuarter_median,226,F,21,21.615476199558803,0.1737659066096037
MeanTempWarmQuarter_median,249,E,53,21.394182349151034,0.06879838249107205
MeanTempWarmQuarter_median,249,D,64,19.282682202756405,0.05689228538905097
MeanTempWarmQuarter_median,251,M,101,20.029290373962706,0.03620131596487946
MeanTempWarmQuarter_median,251,I,13,21.90448702298678,0.3240313895751895
MeanTempWarmQuarter_median,255,V,101,20.106270568205577,0.03789753555005407
MeanTempWarmQuarter_median,255,I,14,21.24523803165981,0.24427430273930342
MeanTempWarmQuarter_median,262,V,92,19.965941952622455,0.04108344069752447
MeanTempWarmQuarter_median,262,A,20,21.85333333015442,0.17979039491153845
MeanTempWarmQuarter_median,262,T,3,17.994444529215496,0.807074002703542
MeanTempWarmQuarter_median,279,T,99,20.02070701965178,0.03855865513810236
MeanTempWarmQuarter_median,279,S,16,21.823958158493042,0.18264834568156194
MeanTempWarmQuarter_median,309,M,103,20.512621300891766,0.036037507095950015
MeanTempWarmQuarter_median,309,I,5,18.30333309173584,0.7520911864317219
MeanTempWarmQuarter_median,317,A,89,19.937265830093555,0.041775846591783676
MeanTempWarmQuarter_median,317,G,22,22.031818173148416,0.157658233544165
MeanTempWarmQuarter_median,328,A,97,20.384793758392334,0.03871275383350737
MeanTempWarmQuarter_median,328,S,7,20.682142666407994,0.6431783258965292
MeanTempWarmQuarter_median,328,G,4,20.554166555404663,0.43784213754729484
MeanTempWarmQuarter_median,340,E,74,19.99099091581396,0.049536052377334515
MeanTempWarmQuarter_median,340,D,34,21.323039167067584,0.11016089215320991
MeanTempWarmQuarter_median,449,A,5,17.99166660308838,0.6779523477384519
MeanTempWarmQuarter_median,449,C,51,20.006862715178844,0.0696680276230896
MeanTempWarmQuarter_median,449,S,54,20.930092484862715,0.07316102454399247
MeanTempWarmQuarter_median,475,L,50,20.00933325767517,0.07630796536016789
MeanTempWarmQuarter_median,475,I,40,20.828124904632567,0.08969562491750868
PrecipAnnual_median,76,S,103,1503.9757281553398,6.343625483275854
PrecipAnnual_median,76,N,24,1498.7291666666667,22.843886388900277
PrecipAnnual_median,95,T,28,1716.4285714285713,25.32445528692199
PrecipAnnual_median,95,S,100,1443.27,5.967270429077048
PrecipAnnual_median,219,V,14,1891.9642857142858,48.83160252418115
PrecipAnnual_median,219,C,17,1601.3823529411766,32.426953326758444
PrecipAnnual_median,219,L,84,1464.7857142857142,7.456409405159263
PrecipAnnual_median,225,L,69,1704.2971014492753,9.217690158832019
PrecipAnnual_median,225,I,48,1315.4479166666667,12.410087802001856
PrecipAnnual_median,226,Y,95,1481.9368421052632,6.455027205649599
PrecipAnnual_median,226,F,21,1860.7619047619048,34.33598218023785
PrecipAnnual_median,249,E,53,1709.6792452830189,12.851436998093611
PrecipAnnual_median,249,D,65,1402.2769230769231,9.033997673357083
PrecipAnnual_median,251,M,103,1533.5,6.327269193116463
PrecipAnnual_median,251,I,13,1501.576923076923,38.609710885899716
PrecipAnnual_median,255,V,102,1523.7156862745098,6.335271045795992
PrecipAnnual_median,255,I,14,1741.9285714285713,46.29792238512156
PrecipAnnual_median,262,V,93,1468.3763440860216,6.495473893145066
PrecipAnnual_median,262,A,20,1870.7,37.20384229591007
PrecipAnnual_median,262,T,3,1944.3333333333333,234.31165934221818
PrecipAnnual_median,279,T,100,1541.01,6.539473497634395
PrecipAnnual_median,279,S,16,1460.625,31.993666975864144
PrecipAnnual_median,309,M,105,1563.2428571428572,5.986015780706271
PrecipAnnual_median,309,I,5,976.2,52.411763946656095
PrecipAnnual_median,317,A,89,1479.691011235955,6.819471026739596
PrecipAnnual_median,317,G,22,1838,32.548717006182045
PrecipAnnual_median,328,A,100,1511.88,6.106838529737201
PrecipAnnual_median,328,S,7,1205.4285714285713,34.40080950863465
PrecipAnnual_median,328,G,4,2644.625,50.362371762887946
PrecipAnnual_median,340,E,77,1465.577922077922,7.668340433480053
PrecipAnnual_median,340,D,34,1686.9117647058824,20.141752645313414
PrecipAnnual_median,449,A,5,1776.3,172.07503595815402
PrecipAnnual_median,449,C,52,1323.8653846153845,11.021593991930446
PrecipAnnual_median,449,S,54,1768.5648148148148,12.090025422797611
PrecipAnnual_median,475,L,50,1343.27,10.632686071827795
PrecipAnnual_median,475,I,40,1687.9375,16.979890346580305
TempSeasonality_median,76,S,105,5.799504150390625,0.026787106180558747
TempSeasonality_median,76,N,24,1.29898157954216,0.07625788177073987
TempSeasonality_median,95,T,29,6.632092400912581,0.08126079527440912
TempSeasonality_median,95,S,101,4.484483893838259,0.031869428059568355
TempSeasonality_median,219,V,13,3.6834291076660155,0.25714711422125874
TempSeasonality_median,219,C,17,0.8872297679676729,0.037539736381621315
TempSeasonality_median,219,L,85,6.401699009839226,0.02746785242072246
TempSeasonality_median,225,L,68,4.658490216311287,0.041790852294367874
TempSeasonality_median,225,I,49,6.032026348503268,0.06508360768869187
TempSeasonality_median,226,Y,96,5.036587379376093,0.03271255217320803
TempSeasonality_median,226,F,21,6.3073646981375555,0.10877026850939969
TempSeasonality_median,249,E,51,5.398827600292131,0.05152316697056489
TempSeasonality_median,249,D,66,5.137561110583219,0.051231691284382264
TempSeasonality_median,251,M,104,5.2954846200576196,0.030189974383164325
TempSeasonality_median,251,I,13,5.008754772773155,0.1879712777783468
TempSeasonality_median,255,V,102,5.027245808395685,0.030464025288860073
TempSeasonality_median,255,I,14,6.803671046665737,0.17155999688418505
TempSeasonality_median,262,V,94,5.1175571537017825,0.033356104298477324
TempSeasonality_median,262,A,20,6.43765259552002,0.11083821160715976
TempSeasonality_median,262,T,3,1.1223673184712728,0.15440327946927834
TempSeasonality_median,279,T,101,5.202094499380282,0.031036447040849173
TempSeasonality_median,279,S,16,5.652041755914688,0.1634338092881728
TempSeasonality_median,309,M,105,5.25935402897426,0.0295953688668194
TempSeasonality_median,309,I,5,7.023583557128907,0.3166718702005941
TempSeasonality_median,317,A,90,5.177058636983236,0.035141575572083236
TempSeasonality_median,317,G,22,5.921361831318248,0.11386036412411699
TempSeasonality_median,328,A,100,5.3713218826293945,0.030661773544509927
TempSeasonality_median,328,S,7,6.890674089704241,0.230487147321337
TempSeasonality_median,328,G,3,0.6610613123575846,0.10669089445962314
TempSeasonality_median,340,E,76,4.90915363361961,0.04264849036754655
TempSeasonality_median,340,D,35,6.268413539341518,0.06877301014418338
TempSeasonality_median,449,A,5,5.721035583496094,0.44034516073296937
TempSeasonality_median,449,C,53,6.149193439123765,0.04821372047653271
TempSeasonality_median,449,S,52,4.6064658451080325,0.06387355035652238
TempSeasonality_median,475,L,51,5.242919915891161,0.062327279541614315
TempSeasonality_median,475,I,40,6.036309284210205,0.06713650408153017
