NSSitesModel,Site,w,SE,PosteriorProb
2,32,0.085,0.226,NA
2,33,0.073,0.146,NA
2,34,0.083,0.205,NA
2,35,0.073,0.146,NA
2,36,0.113,0.516,NA
2,37,0.13,0.648,NA
2,38,0.087,0.251,NA
2,39,0.087,0.251,NA
2,40,0.108,0.466,NA
2,41,0.126,0.62,NA
2,42,0.087,0.245,NA
2,43,0.083,0.205,NA
2,44,0.084,0.218,NA
2,45,0.088,0.252,NA
2,46,0.084,0.218,NA
2,47,0.091,0.288,NA
2,48,0.078,0.166,NA
2,49,0.101,0.404,NA
2,50,0.631,1.468,NA
2,51,0.078,0.17,NA
2,52,0.078,0.17,NA
2,53,0.088,0.253,NA
2,54,0.125,0.613,NA
2,55,0.111,0.501,NA
2,56,0.124,0.608,NA
2,57,0.087,0.245,NA
2,58,0.078,0.168,NA
2,59,0.111,0.501,NA
2,60,0.078,0.17,NA
2,61,0.086,0.231,NA
2,62,0.086,0.231,NA
2,63,0.083,0.205,NA
2,64,0.078,0.169,NA
2,65,0.096,0.351,NA
2,66,0.138,0.703,NA
2,67,0.096,0.351,NA
2,68,0.083,0.205,NA
2,69,0.122,0.592,NA
2,70,0.138,0.703,NA
2,71,0.083,0.205,NA
2,72,0.073,0.146,NA
2,73,0.091,0.288,NA
2,74,0.082,0.199,NA
2,75,0.133,0.673,NA
2,76,10.498,0.044,1.000
2,77,0.082,0.199,NA
2,78,0.073,0.146,NA
2,79,0.085,0.226,NA
2,80,0.131,0.658,NA
2,81,0.085,0.226,NA
2,82,0.125,0.613,NA
2,83,0.126,0.62,NA
2,84,0.138,0.705,NA
2,85,0.131,0.658,NA
2,86,0.101,0.401,NA
2,87,0.104,0.443,NA
2,88,0.086,0.238,NA
2,89,0.14,0.719,NA
2,90,0.078,0.166,NA
2,91,0.078,0.168,NA
2,92,0.091,0.293,NA
2,93,0.078,0.17,NA
2,94,0.078,0.17,NA
2,95,10.495,0.172,1.000
2,96,0.088,0.252,NA
2,97,0.08,0.182,NA
2,98,0.08,0.181,NA
2,99,0.078,0.168,NA
2,100,0.082,0.2,NA
2,101,0.087,0.245,NA
2,102,0.078,0.168,NA
2,103,0.131,0.658,NA
2,104,0.099,0.383,NA
2,105,0.105,0.442,NA
2,106,0.086,0.235,NA
2,107,0.082,0.199,NA
2,108,0.08,0.182,NA
2,109,0.078,0.17,NA
2,110,0.078,0.17,NA
2,111,0.078,0.169,NA
2,112,0.086,0.231,NA
2,113,0.078,0.166,NA
2,114,0.083,0.205,NA
2,115,0.097,0.361,NA
2,116,0.091,0.285,NA
2,117,7.593,4.378,0.694
2,118,0.083,0.205,NA
2,119,0.146,0.758,NA
2,120,0.08,0.181,NA
2,121,0.122,0.592,NA
2,122,0.078,0.169,NA
2,123,0.077,0.165,NA
2,124,0.087,0.245,NA
2,125,0.08,0.182,NA
2,126,0.125,0.613,NA
2,127,0.108,0.466,NA
2,128,0.085,0.226,NA
2,129,0.111,0.501,NA
2,130,0.17,0.9,NA
2,131,0.148,0.769,NA
2,132,0.078,0.168,NA
2,133,0.103,0.426,NA
2,134,0.085,0.226,NA
2,135,0.17,0.9,NA
2,136,0.078,0.17,NA
2,137,0.073,0.146,NA
2,138,0.17,0.9,NA
2,139,0.126,0.62,NA
2,140,0.08,0.181,NA
2,141,0.084,0.218,NA
2,142,0.078,0.166,NA
2,143,0.078,0.168,NA
2,144,0.082,0.2,NA
2,145,0.082,0.198,NA
2,146,0.085,0.226,NA
2,147,0.083,0.205,NA
2,148,0.108,0.466,NA
2,149,0.088,0.252,NA
2,150,0.112,0.507,NA
2,151,0.159,0.837,NA
2,152,0.084,0.218,NA
2,153,0.078,0.171,NA
2,154,0.112,0.506,NA
2,155,0.113,0.516,NA
2,156,0.088,0.252,NA
2,157,10.498,0.048,1.000
2,158,0.087,0.259,NA
2,159,0.095,0.332,NA
2,160,0.073,0.146,NA
2,161,0.085,0.226,NA
2,162,0.13,0.648,NA
2,163,0.097,0.361,NA
2,164,0.101,0.403,NA
2,165,0.082,0.2,NA
2,166,0.078,0.169,NA
2,167,0.086,0.231,NA
2,168,0.14,0.719,NA
2,169,0.17,0.9,NA
2,170,0.13,0.648,NA
2,171,0.091,0.288,NA
2,172,0.138,0.705,NA
2,173,0.083,0.205,NA
2,174,0.08,0.181,NA
2,175,0.085,0.226,NA
2,176,0.084,0.218,NA
2,177,0.085,0.226,NA
2,178,0.13,0.648,NA
2,179,0.125,0.613,NA
2,180,0.105,0.442,NA
2,181,0.092,0.303,NA
2,182,0.078,0.168,NA
2,183,0.085,0.226,NA
2,184,0.097,0.361,NA
2,185,0.131,0.658,NA
2,186,0.078,0.169,NA
2,187,0.095,0.337,NA
2,188,0.124,0.608,NA
2,189,0.078,0.166,NA
2,190,0.555,1.225,NA
2,191,0.078,0.17,NA
2,192,0.085,0.228,NA
2,193,0.129,0.645,NA
2,194,0.136,0.696,NA
2,195,0.078,0.171,NA
2,196,0.093,0.32,NA
2,197,0.084,0.216,NA
2,198,0.074,0.151,NA
2,199,0.082,0.193,NA
2,200,0.142,0.731,NA
2,201,0.087,0.249,NA
2,202,0.088,0.266,NA
2,203,0.074,0.151,NA
2,204,0.088,0.262,NA
2,205,0.101,0.402,NA
2,206,0.13,0.648,NA
2,207,0.101,0.402,NA
2,208,0.155,0.817,NA
2,209,0.09,0.279,NA
2,210,0.103,0.425,NA
2,211,0.082,0.193,NA
2,212,0.093,0.317,NA
2,213,0.089,0.274,NA
2,214,0.146,0.761,NA
2,215,0.098,0.369,NA
2,216,0.074,0.151,NA
2,217,0.087,0.248,NA
2,218,0.113,0.515,NA
2,219,10.498,0.043,1.000
2,220,0.082,0.193,NA
2,221,0.087,0.251,NA
2,222,0.117,0.552,NA
2,223,0.08,0.179,NA
2,224,0.09,0.28,NA
2,225,10.498,0.042,1.000
2,226,10.482,0.392,0.998
2,227,0.087,0.249,NA
2,228,0.982,2.284,NA
2,229,0.09,0.279,NA
2,230,10.066,1.98,0.955
2,231,0.08,0.179,NA
2,232,0.1,0.391,NA
2,233,0.08,0.178,NA
2,234,0.08,0.179,NA
2,235,0.119,0.568,NA
2,236,0.087,0.249,NA
2,237,0.133,0.669,NA
2,238,0.08,0.18,NA
2,239,0.134,0.682,NA
2,240,3.612,4.648,NA
2,241,0.079,0.172,NA
2,242,0.079,0.177,NA
2,243,0.085,0.222,NA
2,244,0.13,0.653,NA
2,245,0.08,0.178,NA
2,246,0.102,0.411,NA
2,247,0.151,0.791,NA
2,248,0.08,0.183,NA
2,249,10.498,0.042,1.000
2,250,0.095,0.333,NA
2,251,10.498,0.069,1.000
2,252,0.088,0.26,NA
2,253,0.125,0.615,NA
2,254,0.08,0.182,NA
2,255,10.498,0.042,1.000
2,256,0.083,0.204,NA
2,257,0.12,0.576,NA
2,258,0.1,0.388,NA
2,259,0.08,0.183,NA
2,260,0.142,0.731,NA
2,261,0.095,0.336,NA
2,262,10.498,0.042,1.000
2,263,0.087,0.249,NA
2,264,0.122,0.592,NA
2,265,0.09,0.283,NA
2,266,0.095,0.333,NA
2,267,0.081,0.185,NA
2,268,0.086,0.24,NA
2,269,0.143,0.741,NA
2,270,0.113,0.512,NA
2,271,0.102,0.411,NA
2,272,0.136,0.695,NA
2,273,0.095,0.336,NA
2,274,0.116,0.538,NA
2,275,0.086,0.231,NA
2,276,0.091,0.292,NA
2,277,0.079,0.177,NA
2,278,0.086,0.231,NA
2,279,10.498,0.042,1.000
2,280,0.142,0.731,NA
2,281,4.351,4.59,NA
2,282,0.081,0.185,NA
2,283,0.085,0.225,NA
2,284,0.151,0.79,NA
2,285,0.137,0.702,NA
2,286,0.075,0.153,NA
2,287,0.081,0.192,NA
2,288,0.121,0.582,NA
2,289,0.111,0.495,NA
2,290,0.085,0.226,NA
2,291,0.085,0.226,NA
2,292,0.108,0.471,NA
2,293,0.123,0.598,NA
2,294,0.108,0.471,NA
2,295,0.16,0.842,NA
2,296,0.092,0.298,NA
2,297,0.095,0.34,NA
2,298,0.081,0.187,NA
2,299,0.092,0.298,NA
2,300,0.08,0.181,NA
2,301,0.083,0.202,NA
2,302,0.076,0.157,NA
2,303,0.102,0.414,NA
2,304,0.121,0.584,NA
2,305,0.111,0.498,NA
2,306,0.08,0.183,NA
2,307,0.082,0.192,NA
2,308,0.081,0.19,NA
2,309,10.462,0.588,0.996
2,310,0.111,0.496,NA
2,311,0.084,0.21,NA
2,312,0.09,0.277,NA
2,313,0.092,0.303,NA
2,314,0.114,0.526,NA
2,315,0.081,0.189,NA
2,316,0.09,0.277,NA
2,317,10.498,0.049,1.000
2,318,0.116,0.544,NA
2,319,0.09,0.277,NA
2,320,0.097,0.356,NA
2,321,0.09,0.283,NA
2,322,0.081,0.19,NA
2,323,0.097,0.36,NA
2,324,0.076,0.157,NA
2,325,0.082,0.192,NA
2,326,0.083,0.208,NA
2,327,0.111,0.496,NA
2,328,10.498,0.051,1.000
2,329,0.081,0.19,NA
2,330,0.152,0.794,NA
2,331,0.092,0.303,NA
2,332,0.092,0.303,NA
2,333,0.081,0.19,NA
2,334,0.09,0.277,NA
2,335,0.086,0.238,NA
2,336,0.081,0.191,NA
2,337,0.142,0.731,NA
2,338,0.081,0.191,NA
2,339,0.102,0.414,NA
2,340,10.498,0.043,1.000
2,341,0.127,0.63,NA
2,342,0.087,0.245,NA
2,343,0.147,0.767,NA
2,344,0.125,0.615,NA
2,345,0.084,0.21,NA
2,346,0.081,0.186,NA
2,347,0.076,0.157,NA
2,348,0.116,0.544,NA
2,349,0.194,1.024,NA
2,350,0.164,0.867,NA
2,351,0.076,0.157,NA
2,352,0.076,0.157,NA
2,353,0.084,0.21,NA
2,354,0.083,0.208,NA
2,355,0.081,0.191,NA
2,356,0.09,0.277,NA
2,357,0.076,0.157,NA
2,358,0.143,0.737,NA
2,359,0.084,0.212,NA
2,360,0.164,0.867,NA
2,361,0.081,0.19,NA
2,362,0.083,0.208,NA
2,363,0.086,0.239,NA
2,364,0.12,0.571,NA
2,365,0.087,0.245,NA
2,366,0.093,0.312,NA
2,367,0.076,0.157,NA
2,368,0.157,0.825,NA
2,369,0.123,0.594,NA
2,370,0.09,0.283,NA
2,371,0.114,0.526,NA
2,372,0.109,0.475,NA
2,373,0.081,0.19,NA
2,374,0.081,0.186,NA
2,375,0.194,1.023,NA
2,376,0.159,0.839,NA
2,377,0.138,0.709,NA
2,378,2.972,3.93,NA
2,379,0.222,1.147,NA
2,380,0.142,0.731,NA
2,381,0.081,0.19,NA
2,382,0.083,0.208,NA
2,383,0.111,0.496,NA
2,384,0.081,0.186,NA
2,385,0.157,0.825,NA
2,386,0.082,0.192,NA
2,387,0.097,0.356,NA
2,388,0.16,0.841,NA
2,389,0.081,0.189,NA
2,390,0.193,1.018,NA
2,391,0.152,0.794,NA
2,392,0.091,0.293,NA
2,393,0.127,0.626,NA
2,394,0.084,0.21,NA
2,395,0.142,0.731,NA
2,396,0.076,0.157,NA
2,397,0.076,0.157,NA
2,398,0.167,0.881,NA
2,399,0.092,0.303,NA
2,400,0.114,0.526,NA
2,401,0.119,0.565,NA
2,402,0.119,0.57,NA
2,403,0.081,0.19,NA
2,404,0.097,0.36,NA
2,405,0.097,0.36,NA
2,406,0.087,0.245,NA
2,407,2.587,4.097,NA
2,408,0.097,0.36,NA
2,409,0.111,0.496,NA
2,410,0.089,0.265,NA
2,411,0.157,0.825,NA
2,412,0.097,0.36,NA
2,413,0.08,0.183,NA
2,414,0.093,0.311,NA
2,415,0.16,0.841,NA
2,416,0.081,0.19,NA
2,417,9.341,3.119,0.879
2,418,0.092,0.303,NA
2,419,0.081,0.189,NA
2,420,0.08,0.183,NA
2,421,0.143,0.737,NA
2,422,0.092,0.308,NA
2,423,0.081,0.189,NA
2,424,0.114,0.526,NA
2,425,0.081,0.191,NA
2,426,0.093,0.311,NA
2,427,0.09,0.279,NA
2,428,0.092,0.303,NA
2,429,9.994,2.131,0.947
2,430,0.081,0.189,NA
2,431,0.09,0.277,NA
2,432,0.08,0.183,NA
2,433,0.091,0.293,NA
2,434,0.097,0.36,NA
2,435,0.099,0.38,NA
2,436,0.076,0.157,NA
2,437,0.086,0.237,NA
2,438,0.081,0.189,NA
2,439,0.09,0.277,NA
2,440,0.091,0.293,NA
2,441,0.081,0.19,NA
2,442,0.08,0.183,NA
2,443,0.081,0.191,NA
2,444,3.554,4.275,NA
2,445,0.127,0.626,NA
2,446,0.09,0.277,NA
2,447,0.092,0.308,NA
2,448,0.081,0.191,NA
2,449,10.498,0.042,1.000
2,450,0.09,0.277,NA
2,451,0.157,0.825,NA
2,452,0.084,0.212,NA
2,453,0.089,0.265,NA
2,454,0.081,0.191,NA
2,455,0.114,0.526,NA
2,456,0.081,0.189,NA
2,457,0.081,0.189,NA
2,458,0.081,0.189,NA
2,459,6.071,4.771,0.537
2,460,0.091,0.293,NA
2,461,9.971,2.175,0.945
2,462,0.157,0.825,NA
2,463,0.111,0.498,NA
2,464,0.081,0.191,NA
2,465,0.127,0.626,NA
2,466,0.09,0.277,NA
2,467,0.084,0.21,NA
2,468,0.081,0.192,NA
2,469,0.084,0.211,NA
2,470,0.522,1.108,NA
2,471,0.093,0.318,NA
2,472,10.496,0.167,1.000
2,473,0.076,0.158,NA
2,474,0.092,0.303,NA
2,475,10.498,0.042,1.000
8,32,0.088,0.189,NA
8,33,0.081,0.106,NA
8,34,0.086,0.163,NA
8,35,0.081,0.106,NA
8,36,0.111,0.495,NA
8,37,0.126,0.628,NA
8,38,0.089,0.217,NA
8,39,0.089,0.217,NA
8,40,0.106,0.445,NA
8,41,0.122,0.599,NA
8,42,0.089,0.209,NA
8,43,0.086,0.163,NA
8,44,0.087,0.179,NA
8,45,0.089,0.218,NA
8,46,0.087,0.179,NA
8,47,0.092,0.257,NA
8,48,0.083,0.121,NA
8,49,0.1,0.38,NA
8,50,0.452,1.499,NA
8,51,0.084,0.124,NA
8,52,0.084,0.124,NA
8,53,0.089,0.218,NA
8,54,0.122,0.592,NA
8,55,0.109,0.48,NA
8,56,0.121,0.587,NA
8,57,0.089,0.209,NA
8,58,0.083,0.123,NA
8,59,0.109,0.48,NA
8,60,0.084,0.124,NA
8,61,0.088,0.194,NA
8,62,0.088,0.194,NA
8,63,0.086,0.163,NA
8,64,0.083,0.124,NA
8,65,0.096,0.325,NA
8,66,0.133,0.682,NA
8,67,0.096,0.325,NA
8,68,0.086,0.163,NA
8,69,0.119,0.572,NA
8,70,0.133,0.682,NA
8,71,0.086,0.163,NA
8,72,0.081,0.106,NA
8,73,0.092,0.257,NA
8,74,0.086,0.157,NA
8,75,0.129,0.652,NA
8,76,10.498,0.041,1.000
8,77,0.086,0.157,NA
8,78,0.081,0.106,NA
8,79,0.088,0.188,NA
8,80,0.127,0.637,NA
8,81,0.088,0.189,NA
8,82,0.122,0.592,NA
8,83,0.122,0.599,NA
8,84,0.133,0.684,NA
8,85,0.127,0.637,NA
8,86,0.1,0.378,NA
8,87,0.103,0.421,NA
8,88,0.088,0.202,NA
8,89,0.135,0.697,NA
8,90,0.083,0.121,NA
8,91,0.083,0.123,NA
8,92,0.092,0.262,NA
8,93,0.084,0.124,NA
8,94,0.084,0.124,NA
8,95,10.498,0.066,1.000
8,96,0.089,0.218,NA
8,97,0.085,0.137,NA
8,98,0.084,0.136,NA
8,99,0.083,0.123,NA
8,100,0.086,0.158,NA
8,101,0.089,0.209,NA
8,102,0.083,0.123,NA
8,103,0.127,0.637,NA
8,104,0.099,0.358,NA
8,105,0.104,0.421,NA
8,106,0.088,0.199,NA
8,107,0.086,0.157,NA
8,108,0.085,0.137,NA
8,109,0.084,0.124,NA
8,110,0.084,0.124,NA
8,111,0.083,0.124,NA
8,112,0.088,0.194,NA
8,113,0.083,0.121,NA
8,114,0.086,0.163,NA
8,115,0.097,0.336,NA
8,116,0.092,0.255,NA
8,117,9.463,3.025,0.895
8,118,0.086,0.163,NA
8,119,0.141,0.735,NA
8,120,0.084,0.136,NA
8,121,0.119,0.572,NA
8,122,0.083,0.124,NA
8,123,0.083,0.119,NA
8,124,0.089,0.209,NA
8,125,0.085,0.137,NA
8,126,0.122,0.592,NA
8,127,0.106,0.445,NA
8,128,0.088,0.189,NA
8,129,0.109,0.48,NA
8,130,0.163,0.874,NA
8,131,0.142,0.746,NA
8,132,0.083,0.123,NA
8,133,0.102,0.404,NA
8,134,0.088,0.188,NA
8,135,0.163,0.874,NA
8,136,0.084,0.124,NA
8,137,0.081,0.106,NA
8,138,0.163,0.874,NA
8,139,0.122,0.599,NA
8,140,0.084,0.136,NA
8,141,0.087,0.179,NA
8,142,0.083,0.121,NA
8,143,0.083,0.123,NA
8,144,0.086,0.158,NA
8,145,0.086,0.156,NA
8,146,0.088,0.189,NA
8,147,0.086,0.163,NA
8,148,0.106,0.445,NA
8,149,0.089,0.218,NA
8,150,0.11,0.486,NA
8,151,0.153,0.813,NA
8,152,0.087,0.179,NA
8,153,0.084,0.125,NA
8,154,0.11,0.485,NA
8,155,0.111,0.495,NA
8,156,0.089,0.218,NA
8,157,10.498,0.042,1.000
8,158,0.089,0.227,NA
8,159,0.095,0.304,NA
8,160,0.081,0.106,NA
8,161,0.088,0.189,NA
8,162,0.126,0.628,NA
8,163,0.097,0.336,NA
8,164,0.1,0.379,NA
8,165,0.086,0.158,NA
8,166,0.083,0.124,NA
8,167,0.088,0.194,NA
8,168,0.135,0.697,NA
8,169,0.163,0.874,NA
8,170,0.126,0.628,NA
8,171,0.092,0.257,NA
8,172,0.133,0.684,NA
8,173,0.086,0.163,NA
8,174,0.084,0.136,NA
8,175,0.088,0.189,NA
8,176,0.087,0.179,NA
8,177,0.088,0.189,NA
8,178,0.126,0.628,NA
8,179,0.122,0.592,NA
8,180,0.104,0.421,NA
8,181,0.093,0.274,NA
8,182,0.083,0.123,NA
8,183,0.088,0.189,NA
8,184,0.097,0.336,NA
8,185,0.127,0.637,NA
8,186,0.083,0.124,NA
8,187,0.095,0.31,NA
8,188,0.121,0.587,NA
8,189,0.083,0.121,NA
8,190,0.376,1.231,NA
8,191,0.084,0.124,NA
8,192,0.088,0.191,NA
8,193,0.125,0.625,NA
8,194,0.132,0.674,NA
8,195,0.084,0.126,NA
8,196,0.094,0.292,NA
8,197,0.087,0.176,NA
8,198,0.081,0.109,NA
8,199,0.085,0.15,NA
8,200,0.137,0.708,NA
8,201,0.089,0.214,NA
8,202,0.09,0.233,NA
8,203,0.081,0.109,NA
8,204,0.09,0.229,NA
8,205,0.1,0.378,NA
8,206,0.126,0.626,NA
8,207,0.1,0.378,NA
8,208,0.149,0.792,NA
8,209,0.091,0.248,NA
8,210,0.102,0.402,NA
8,211,0.085,0.15,NA
8,212,0.094,0.289,NA
8,213,0.091,0.241,NA
8,214,0.141,0.739,NA
8,215,0.098,0.344,NA
8,216,0.081,0.109,NA
8,217,0.089,0.213,NA
8,218,0.111,0.494,NA
8,219,10.498,0.041,1.000
8,220,0.085,0.15,NA
8,221,0.089,0.216,NA
8,222,0.115,0.531,NA
8,223,0.084,0.134,NA
8,224,0.091,0.248,NA
8,225,10.498,0.041,1.000
8,226,10.496,0.146,1.000
8,227,0.089,0.214,NA
8,228,0.816,2.373,NA
8,229,0.091,0.248,NA
8,230,10.419,0.881,0.992
8,231,0.084,0.134,NA
8,232,0.099,0.367,NA
8,233,0.084,0.133,NA
8,234,0.084,0.134,NA
8,235,0.116,0.547,NA
8,236,0.089,0.214,NA
8,237,0.128,0.647,NA
8,238,0.084,0.135,NA
8,239,0.13,0.66,NA
8,240,3.613,4.813,NA
8,241,0.084,0.127,NA
8,242,0.084,0.132,NA
8,243,0.087,0.183,NA
8,244,0.126,0.632,NA
8,245,0.084,0.133,NA
8,246,0.101,0.387,NA
8,247,0.145,0.767,NA
8,248,0.085,0.139,NA
8,249,10.498,0.041,1.000
8,250,0.095,0.306,NA
8,251,10.498,0.045,1.000
8,252,0.09,0.226,NA
8,253,0.122,0.594,NA
8,254,0.085,0.137,NA
8,255,10.498,0.041,1.000
8,256,0.086,0.163,NA
8,257,0.117,0.555,NA
8,258,0.099,0.363,NA
8,259,0.085,0.139,NA
8,260,0.137,0.709,NA
8,261,0.095,0.309,NA
8,262,10.498,0.041,1.000
8,263,0.089,0.214,NA
8,264,0.119,0.571,NA
8,265,0.091,0.252,NA
8,266,0.095,0.306,NA
8,267,0.085,0.141,NA
8,268,0.088,0.205,NA
8,269,0.138,0.719,NA
8,270,0.11,0.492,NA
8,271,0.101,0.387,NA
8,272,0.132,0.673,NA
8,273,0.095,0.309,NA
8,274,0.113,0.518,NA
8,275,0.088,0.194,NA
8,276,0.092,0.261,NA
8,277,0.084,0.131,NA
8,278,0.088,0.194,NA
8,279,10.498,0.041,1.000
8,280,0.137,0.709,NA
8,281,5.8,4.997,0.531
8,282,0.085,0.141,NA
8,283,0.088,0.187,NA
8,284,0.145,0.766,NA
8,285,0.133,0.68,NA
8,286,0.082,0.11,NA
8,287,0.085,0.148,NA
8,288,0.118,0.56,NA
8,289,0.109,0.474,NA
8,290,0.088,0.188,NA
8,291,0.088,0.188,NA
8,292,0.106,0.45,NA
8,293,0.12,0.576,NA
8,294,0.106,0.45,NA
8,295,0.153,0.817,NA
8,296,0.092,0.268,NA
8,297,0.095,0.314,NA
8,298,0.085,0.143,NA
8,299,0.092,0.268,NA
8,300,0.084,0.137,NA
8,301,0.086,0.16,NA
8,302,0.082,0.113,NA
8,303,0.101,0.39,NA
8,304,0.118,0.564,NA
8,305,0.109,0.477,NA
8,306,0.085,0.138,NA
8,307,0.085,0.149,NA
8,308,0.085,0.147,NA
8,309,10.492,0.255,0.999
8,310,0.109,0.475,NA
8,311,0.087,0.169,NA
8,312,0.091,0.245,NA
8,313,0.093,0.273,NA
8,314,0.112,0.505,NA
8,315,0.085,0.145,NA
8,316,0.091,0.245,NA
8,317,10.498,0.042,1.000
8,318,0.114,0.523,NA
8,319,0.091,0.245,NA
8,320,0.097,0.33,NA
8,321,0.091,0.252,NA
8,322,0.085,0.147,NA
8,323,0.097,0.334,NA
8,324,0.082,0.113,NA
8,325,0.085,0.149,NA
8,326,0.086,0.167,NA
8,327,0.109,0.475,NA
8,328,10.498,0.042,1.000
8,329,0.085,0.147,NA
8,330,0.146,0.769,NA
8,331,0.093,0.273,NA
8,332,0.093,0.273,NA
8,333,0.085,0.147,NA
8,334,0.091,0.245,NA
8,335,0.088,0.201,NA
8,336,0.085,0.147,NA
8,337,0.137,0.708,NA
8,338,0.085,0.147,NA
8,339,0.101,0.39,NA
8,340,10.498,0.041,1.000
8,341,0.123,0.608,NA
8,342,0.089,0.209,NA
8,343,0.142,0.745,NA
8,344,0.122,0.594,NA
8,345,0.087,0.169,NA
8,346,0.085,0.142,NA
8,347,0.082,0.113,NA
8,348,0.114,0.523,NA
8,349,0.185,0.994,NA
8,350,0.157,0.841,NA
8,351,0.082,0.113,NA
8,352,0.082,0.113,NA
8,353,0.087,0.169,NA
8,354,0.086,0.167,NA
8,355,0.085,0.147,NA
8,356,0.091,0.245,NA
8,357,0.082,0.113,NA
8,358,0.138,0.715,NA
8,359,0.087,0.172,NA
8,360,0.157,0.841,NA
8,361,0.085,0.147,NA
8,362,0.086,0.167,NA
8,363,0.088,0.202,NA
8,364,0.117,0.55,NA
8,365,0.089,0.209,NA
8,366,0.093,0.284,NA
8,367,0.082,0.113,NA
8,368,0.151,0.801,NA
8,369,0.119,0.573,NA
8,370,0.091,0.252,NA
8,371,0.112,0.505,NA
8,372,0.107,0.453,NA
8,373,0.085,0.147,NA
8,374,0.085,0.142,NA
8,375,0.185,0.993,NA
8,376,0.153,0.814,NA
8,377,0.134,0.686,NA
8,378,4.032,4.793,NA
8,379,0.21,1.112,NA
8,380,0.137,0.708,NA
8,381,0.085,0.147,NA
8,382,0.086,0.167,NA
8,383,0.109,0.475,NA
8,384,0.085,0.142,NA
8,385,0.151,0.801,NA
8,386,0.085,0.149,NA
8,387,0.097,0.33,NA
8,388,0.153,0.816,NA
8,389,0.085,0.145,NA
8,390,0.184,0.988,NA
8,391,0.146,0.769,NA
8,392,0.092,0.263,NA
8,393,0.123,0.604,NA
8,394,0.087,0.169,NA
8,395,0.137,0.708,NA
8,396,0.082,0.113,NA
8,397,0.082,0.113,NA
8,398,0.159,0.855,NA
8,399,0.093,0.273,NA
8,400,0.112,0.505,NA
8,401,0.116,0.544,NA
8,402,0.117,0.549,NA
8,403,0.085,0.147,NA
8,404,0.097,0.334,NA
8,405,0.097,0.334,NA
8,406,0.089,0.209,NA
8,407,2.528,4.266,NA
8,408,0.097,0.334,NA
8,409,0.109,0.475,NA
8,410,0.09,0.232,NA
8,411,0.151,0.801,NA
8,412,0.097,0.334,NA
8,413,0.085,0.138,NA
8,414,0.093,0.282,NA
8,415,0.153,0.816,NA
8,416,0.085,0.147,NA
8,417,9.877,2.413,0.938
8,418,0.093,0.273,NA
8,419,0.085,0.145,NA
8,420,0.085,0.138,NA
8,421,0.138,0.715,NA
8,422,0.093,0.279,NA
8,423,0.085,0.145,NA
8,424,0.112,0.505,NA
8,425,0.085,0.147,NA
8,426,0.093,0.282,NA
8,427,0.091,0.248,NA
8,428,0.093,0.273,NA
8,429,10.354,1.186,0.985
8,430,0.085,0.145,NA
8,431,0.091,0.245,NA
8,432,0.085,0.138,NA
8,433,0.092,0.263,NA
8,434,0.097,0.334,NA
8,435,0.098,0.355,NA
8,436,0.082,0.113,NA
8,437,0.088,0.201,NA
8,438,0.085,0.145,NA
8,439,0.091,0.245,NA
8,440,0.092,0.263,NA
8,441,0.085,0.147,NA
8,442,0.085,0.138,NA
8,443,0.085,0.147,NA
8,444,4.824,4.964,NA
8,445,0.123,0.604,NA
8,446,0.091,0.245,NA
8,447,0.093,0.279,NA
8,448,0.085,0.147,NA
8,449,10.498,0.041,1.000
8,450,0.091,0.245,NA
8,451,0.151,0.801,NA
8,452,0.087,0.172,NA
8,453,0.09,0.232,NA
8,454,0.085,0.147,NA
8,455,0.112,0.505,NA
8,456,0.085,0.145,NA
8,457,0.085,0.145,NA
8,458,0.085,0.145,NA
8,459,7.533,4.569,0.703
8,460,0.092,0.263,NA
8,461,10.346,1.215,0.985
8,462,0.151,0.801,NA
8,463,0.109,0.477,NA
8,464,0.085,0.147,NA
8,465,0.123,0.604,NA
8,466,0.091,0.245,NA
8,467,0.087,0.169,NA
8,468,0.085,0.148,NA
8,469,0.087,0.17,NA
8,470,0.343,1.096,NA
8,471,0.094,0.29,NA
8,472,10.498,0.071,1.000
8,473,0.082,0.114,NA
8,474,0.093,0.274,NA
8,475,10.498,0.041,1.000
