NSSitesModel,Site,w,SE,PosteriorProb,branch_id_1,branch_id_2,node1,node2,OCNany2spe
2,76,10.498,0.044,1,127,265,obtusatum,174,0.9999
2,95,10.495,0.172,1,0,262,acerifoliu,223,0.9988
2,219,10.498,0.043,1,152,262,290,223,0.9999
2,219,10.498,0.043,1,33,152,clemensiae,290,1
2,219,10.498,0.043,1,33,262,clemensiae,223,0.9999
2,225,10.498,0.042,1,123,277,289,194,0.9957
2,225,10.498,0.042,1,135,277,orientale,194,0.9963
2,225,10.498,0.042,1,81,254,204,267,0.9997
2,226,10.482,0.392,0.998,135,276,orientale,195,0.998
2,226,10.482,0.392,0.998,228,276,233,195,0.9974
2,249,10.498,0.042,1,135,276,orientale,195,0.9999
2,249,10.498,0.042,1,261,276,224,195,0.9892
2,251,10.498,0.069,1,121,227,nervosum,trilobum,1
2,251,10.498,0.069,1,121,290,nervosum,245,0.9975
2,251,10.498,0.069,1,145,286,264,249,1
2,251,10.498,0.069,1,227,290,trilobum,245,0.9975
2,251,10.498,0.069,1,68,121,258,nervosum,1
2,251,10.498,0.069,1,68,227,258,trilobum,1
2,255,10.498,0.042,1,135,152,orientale,290,0.9995
2,255,10.498,0.042,1,92,135,lantanoide,orientale,0.9995
2,255,10.498,0.042,1,92,152,lantanoide,290,1
2,262,10.498,0.042,1,135,276,orientale,195,0.998
2,262,10.498,0.042,1,92,135,lantanoide,orientale,0.998
2,262,10.498,0.042,1,92,276,lantanoide,195,1
2,279,10.498,0.042,1,121,227,nervosum,trilobum,0.9986
2,279,10.498,0.042,1,145,198,264,subalpinum,0.9005
2,279,10.498,0.042,1,145,286,264,249,0.9005
2,279,10.498,0.042,1,33,227,clemensiae,trilobum,1
2,279,10.498,0.042,1,33,92,clemensiae,lantanoide,0.9986
2,279,10.498,0.042,1,68,121,258,nervosum,0.9986
2,279,10.498,0.042,1,68,227,258,trilobum,1
2,309,10.462,0.588,0.996,121,229,nervosum,232,1
2,309,10.462,0.588,0.996,68,121,258,nervosum,1
2,317,10.498,0.049,1,135,152,orientale,290,0.9996
2,317,10.498,0.049,1,135,276,orientale,195,0.9996
2,317,10.498,0.049,1,152,276,290,195,1
2,328,10.498,0.051,1,145,198,264,subalpinum,1
2,328,10.498,0.051,1,68,121,258,nervosum,1
2,340,10.498,0.043,1,0,262,acerifoliu,223,0.999
2,340,10.498,0.043,1,160,174,187,228,0.998
2,449,10.498,0.042,1,0,261,acerifoliu,224,0.9999
2,449,10.498,0.042,1,169,242,284,295,0.9489
2,449,10.498,0.042,1,242,289,295,246,0.9986
2,475,10.498,0.042,1,0,269,acerifoliu,154,0.9954
