codon_site_alignment	nuc_site_alignment	OCSany2any	OCSspe2any	OCSany2spe	OCSspe2spe	OCSany2dif	OCNany2any	OCNspe2any	OCNany2spe	OCNspe2spe	OCNany2dif	gap_rate_all	gap_rate_target	S_sub	N_sub	S_sub_121	S_sub_290	N_sub_121	N_sub_290	cdn_121	cdn_290	cdn_121_anc	cdn_290_anc	aa_121	aa_290	aa_121_anc	aa_290_anc	aa_121_hydrophobicity	aa_290_hydrophobicity	aa_121_anc_hydrophobicity	aa_290_anc_hydrophobicity
1	1	0	0	0	0	0	0.0000	0.0000	0.0000	0.0000	0.0000	0.0338	0.0000	0.0000	0.0000	0.0000	0.0000	0.0000	0.0000	AAA	AAA	AAA	AAA	K	K	K	K	236.0000	236.0000	236.0000	236.0000
2	4	0	0	0	0	0	0.0000	0.0000	0.0000	0.0000	0.0000	0.0338	0.0000	0.0000	0.0000	0.0000	0.0000	0.0000	0.0000	GAT	GAT	GAT	GAT	D	D	D	D	193.0000	193.0000	193.0000	193.0000
3	7	0	0	0	0	0	0.0000	0.0000	0.0000	0.0000	0.0000	0.0338	0.0000	0.0000	0.0000	0.0000	0.0000	0.0000	0.0000	ACT	ACT	ACT	ACT	T	T	T	T	172.0000	172.0000	172.0000	172.0000
4	10	0	0	0	0	0	0.0000	0.0000	0.0000	0.0000	0.0000	0.0270	0.0000	0.0000	0.0000	0.0000	0.0000	0.0000	0.0000	GAT	GAT	GAT	GAT	D	D	D	D	193.0000	193.0000	193.0000	193.0000
5	13	0	0	0	0	0	0.0000	0.0000	0.0000	0.0000	0.0000	0.0270	0.0000	0.0000	0.0000	0.0000	0.0000	0.0000	0.0000	ATC	ATC	ATC	ATC	I	I	I	I	197.0000	197.0000	197.0000	197.0000
6	16	0	0	0	0	0	0.0000	0.0000	0.0000	0.0000	0.0000	0.0270	0.0000	0.0000	0.0000	0.0000	0.0000	0.0000	0.0000	TTG	TTG	TTG	TTG	L	L	L	L	201.0000	201.0000	201.0000	201.0000
7	19	0	0	0	0	0	0.0000	0.0000	0.0000	0.0000	0.0000	0.0203	0.0000	0.0000	0.0000	0.0000	0.0000	0.0000	0.0000	GCA	GCA	GCA	GCA	A	A	A	A	129.0000	129.0000	129.0000	129.0000
8	22	0	0	0	0	0	0.0000	0.0000	0.0000	0.0000	0.0000	0.0203	0.0000	0.0000	0.0000	0.0000	0.0000	0.0000	0.0000	GCA	GCA	GCA	GCA	A	A	A	A	129.0000	129.0000	129.0000	129.0000
9	25	0	0	0	0	0	0.0000	0.0000	0.0000	0.0000	0.0000	0.0203	0.0000	0.0000	0.0000	0.0000	0.0000	0.0000	0.0000	TTC	TTC	TTC	TTC	F	F	F	F	240.0000	240.0000	240.0000	240.0000
10	28	0	0	0	0	0	0.0000	0.0000	0.0000	0.0000	0.0000	0.0203	0.0000	0.0000	0.0000	0.0000	0.0000	0.0000	0.0000	CGA	CGA	CGA	CGA	R	R	R	R	274.0000	274.0000	274.0000	274.0000
11	31	0	0	0	0	0	0.0000	0.0000	0.0000	0.0000	0.0000	0.0203	0.0000	0.0000	0.0000	0.0000	0.0000	0.0000	0.0000	GTA	GTA	GTA	GTA	V	V	V	V	174.0000	174.0000	174.0000	174.0000
12	34	0	0	0	0	0	0.0000	0.0000	0.0000	0.0000	0.0000	0.0203	0.0000	0.0000	0.0000	0.0000	0.0000	0.0000	0.0000	ACT	ACT	ACT	ACT	T	T	T	T	172.0000	172.0000	172.0000	172.0000
13	37	0	0	0	0	0	0.0000	0.0000	0.0000	0.0000	0.0000	0.0203	0.0000	0.0000	0.0000	0.0000	0.0000	0.0000	0.0000	CCT	CCT	CCT	CCT	P	P	P	P	159.0000	159.0000	159.0000	159.0000
14	40	0	0	0	0	0	0.0000	0.0000	0.0000	0.0000	0.0000	0.0203	0.0000	0.0000	0.0000	0.0000	0.0000	0.0000	0.0000	CAA	CAA	CAA	CAA	Q	Q	Q	Q	225.0000	225.0000	225.0000	225.0000
15	43	0	0	0	0	0	0.0000	0.0000	0.0000	0.0000	0.0000	0.0203	0.0000	0.0000	0.0000	0.0000	0.0000	0.0000	0.0000	CCT	CCT	CCT	CCT	P	P	P	P	159.0000	159.0000	159.0000	159.0000
16	46	0	0	0	0	0	0.0000	0.0000	0.0000	0.0000	0.0000	0.0203	0.0000	0.0000	0.0000	0.0000	0.0000	0.0000	0.0000	GGA	GGA	GGA	GGA	G	G	G	G	104.0000	104.0000	104.0000	104.0000
17	49	0	0	0	0	0	0.0000	0.0000	0.0000	0.0000	0.0000	0.0203	0.0000	0.0000	0.0000	0.0000	0.0000	0.0000	0.0000	GTT	GTT	GTT	GTT	V	V	V	V	174.0000	174.0000	174.0000	174.0000
18	52	0	0	0	0	0	0.0000	0.0000	0.0000	0.0000	0.0000	0.0203	0.0000	2.0000	0.0000	0.0000	0.0000	0.0000	0.0000	CCA	CCA	CCA	CCA	P	P	P	P	159.0000	159.0000	159.0000	159.0000
19	55	0	0	0	0	0	0.0000	0.0000	0.0000	0.0000	0.0000	0.0203	0.0000	0.0000	1.0000	0.0000	0.0000	0.0000	0.0000	CCT	CCT	CCT	CCT	P	P	P	P	159.0000	159.0000	159.0000	159.0000
20	58	0	0	0	0	0	0.0000	0.0000	0.0000	0.0000	0.0000	0.0203	0.0000	0.0000	0.0000	0.0000	0.0000	0.0000	0.0000	GAA	GAA	GAA	GAA	E	E	E	E	223.0000	223.0000	223.0000	223.0000
21	61	0	0	0	0	0	0.0000	0.0000	0.0000	0.0000	0.0000	0.0203	0.0000	0.0000	0.0000	0.0000	0.0000	0.0000	0.0000	GAA	GAA	GAA	GAA	E	E	E	E	223.0000	223.0000	223.0000	223.0000
22	64	0	0	0	0	0	0.0000	0.0000	0.0000	0.0000	0.0000	0.0203	0.0000	1.0020	0.0000	0.0000	0.0018	0.0000	0.0000	GCA	GCA	GCA	GCA	A	A	A	A	129.0000	129.0000	129.0000	129.0000
23	67	0	0	0	0	0	0.0000	0.0000	0.0000	0.0000	0.0000	0.0203	0.0000	0.0000	0.0000	0.0000	0.0000	0.0000	0.0000	GGG	GGG	GGG	GGG	G	G	G	G	104.0000	104.0000	104.0000	104.0000
24	70	0	0	0	0	0	0.0000	0.0000	0.0000	0.0000	0.0000	0.0203	0.0000	0.0000	0.0000	0.0000	0.0000	0.0000	0.0000	GCC	GCC	GCC	GCC	A	A	A	A	129.0000	129.0000	129.0000	129.0000
25	73	0	0	0	0	0	0.0000	0.0000	0.0000	0.0000	0.0000	0.0203	0.0000	0.0000	0.0000	0.0000	0.0000	0.0000	0.0000	GCG	GCG	GCG	GCG	A	A	A	A	129.0000	129.0000	129.0000	129.0000
26	76	0	0	0	0	0	0.0000	0.0000	0.0000	0.0000	0.0000	0.0203	0.0000	0.0000	0.0000	0.0000	0.0000	0.0000	0.0000	GTA	GTA	GTA	GTA	V	V	V	V	174.0000	174.0000	174.0000	174.0000
27	79	0	0	0	0	0	0.0000	0.0000	0.0000	0.0000	0.0000	0.0203	0.0000	0.0000	0.0000	0.0000	0.0000	0.0000	0.0000	GCT	GCT	GCT	GCT	A	A	A	A	129.0000	129.0000	129.0000	129.0000
28	82	0	0	0	0	0	0.0000	0.0000	0.0000	0.0000	0.0000	0.0203	0.0000	0.0000	0.0000	0.0000	0.0000	0.0000	0.0000	GCC	GCC	GCC	GCC	A	A	A	A	129.0000	129.0000	129.0000	129.0000
29	85	0	0	0	0	0	0.0000	0.0000	0.0000	0.0000	0.0000	0.0203	0.0000	0.0000	0.0000	0.0000	0.0000	0.0000	0.0000	GAA	GAA	GAA	GAA	E	E	E	E	223.0000	223.0000	223.0000	223.0000
30	88	0	0	0	0	0	0.0000	0.0000	0.0000	0.0000	0.0000	0.0203	0.0000	0.0000	0.0000	0.0000	0.0000	0.0000	0.0000	TCT	TCT	TCT	TCT	S	S	S	S	155.0000	155.0000	155.0000	155.0000
31	91	0	0	0	0	0	0.0000	0.0000	0.0000	0.0000	0.0000	0.0203	0.0000	0.0000	0.0000	0.0000	0.0000	0.0000	0.0000	TCT	TCT	TCT	TCT	S	S	S	S	155.0000	155.0000	155.0000	155.0000
32	94	0	0	0	0	0	0.0000	0.0000	0.0000	0.0000	0.0000	0.0203	0.0000	0.0000	0.0000	0.0000	0.0000	0.0000	0.0000	ACT	ACT	ACT	ACT	T	T	T	T	172.0000	172.0000	172.0000	172.0000
33	97	0	0	0	0	0	0.0000	0.0000	0.0000	0.0000	0.0000	0.0135	0.0000	0.0000	0.0000	0.0000	0.0000	0.0000	0.0000	GGT	GGT	GGT	GGT	G	G	G	G	104.0000	104.0000	104.0000	104.0000
34	100	0	0	0	0	0	0.0000	0.0000	0.0000	0.0000	0.0000	0.0135	0.0000	0.0000	0.0000	0.0000	0.0000	0.0000	0.0000	ACA	ACA	ACA	ACA	T	T	T	T	172.0000	172.0000	172.0000	172.0000
35	103	0	0	0	0	0	0.0000	0.0000	0.0000	0.0000	0.0000	0.0135	0.0000	0.0000	0.0000	0.0000	0.0000	0.0000	0.0000	TGG	TGG	TGG	TGG	W	W	W	W	285.0000	285.0000	285.0000	285.0000
36	106	0	0	0	0	0	0.0000	0.0000	0.0000	0.0000	0.0000	0.0135	0.0000	0.0000	0.0000	0.0000	0.0000	0.0000	0.0000	ACA	ACA	ACA	ACA	T	T	T	T	172.0000	172.0000	172.0000	172.0000
37	109	0	0	0	0	0	0.0000	0.0000	0.0000	0.0000	0.0000	0.0135	0.0000	0.0000	0.0000	0.0000	0.0000	0.0000	0.0000	ACT	ACT	ACT	ACT	T	T	T	T	172.0000	172.0000	172.0000	172.0000
38	112	0	0	0	0	0	0.0000	0.0000	0.0000	0.0000	0.0000	0.0135	0.0000	0.0000	0.0000	0.0000	0.0000	0.0000	0.0000	GTG	GTG	GTG	GTG	V	V	V	V	174.0000	174.0000	174.0000	174.0000
39	115	0	0	0	0	0	0.0000	0.0000	0.0000	0.0000	0.0000	0.0135	0.0000	0.0000	0.0000	0.0000	0.0000	0.0000	0.0000	TGG	TGG	TGG	TGG	W	W	W	W	285.0000	285.0000	285.0000	285.0000
40	118	0	0	0	0	0	0.0000	0.0000	0.0000	0.0000	0.0000	0.0135	0.0000	0.0000	0.0000	0.0000	0.0000	0.0000	0.0000	ACT	ACT	ACT	ACT	T	T	T	T	172.0000	172.0000	172.0000	172.0000
41	121	0	0	0	0	0	0.0000	0.0000	0.0000	0.0000	0.0000	0.0135	0.0000	0.0000	0.0000	0.0000	0.0000	0.0000	0.0000	GAT	GAT	GAT	GAT	D	D	D	D	193.0000	193.0000	193.0000	193.0000
42	124	0	0	0	0	0	0.0000	0.0000	0.0000	0.0000	0.0000	0.0135	0.0000	0.0000	0.0000	0.0000	0.0000	0.0000	0.0000	GGA	GGA	GGA	GGA	G	G	G	G	104.0000	104.0000	104.0000	104.0000
43	127	0	0	0	0	0	0.0000	0.0000	0.0000	0.0000	0.0000	0.0135	0.0000	0.0000	0.0000	0.0000	0.0000	0.0000	0.0000	CTT	CTT	CTT	CTT	L	L	L	L	201.0000	201.0000	201.0000	201.0000
44	130	0	0	0	0	0	0.0000	0.0000	0.0000	0.0000	0.0000	0.0135	0.0000	0.0000	0.0000	0.0000	0.0000	0.0000	0.0000	ACC	ACC	ACC	ACC	T	T	T	T	172.0000	172.0000	172.0000	172.0000
45	133	0	0	0	0	0	0.0000	0.0000	0.0000	0.0000	0.0000	0.0135	0.0000	0.0000	7.0025	0.0000	0.0000	0.0000	0.0000	AGC	AGC	AGC	AGC	S	S	S	S	155.0000	155.0000	155.0000	155.0000
46	136	0	0	0	0	0	0.0000	0.0000	0.0000	0.0000	0.0000	0.0135	0.0000	0.0000	0.0000	0.0000	0.0000	0.0000	0.0000	CTT	CTT	CTT	CTT	L	L	L	L	201.0000	201.0000	201.0000	201.0000
47	139	0	0	0	0	0	0.0000	0.0000	0.0000	0.0000	0.0000	0.0135	0.0000	0.0000	0.0000	0.0000	0.0000	0.0000	0.0000	GAT	GAT	GAT	GAT	D	D	D	D	193.0000	193.0000	193.0000	193.0000
48	142	0	0	0	0	0	0.0000	0.0000	0.0000	0.0000	0.0000	0.0135	0.0000	0.0000	0.0000	0.0000	0.0000	0.0000	0.0000	CGT	CGT	CGT	CGT	R	R	R	R	274.0000	274.0000	274.0000	274.0000
49	145	0	0	0	0	0	0.0000	0.0000	0.0000	0.0000	0.0000	0.0135	0.0000	0.0000	0.0000	0.0000	0.0000	0.0000	0.0000	TAC	TAC	TAC	TAC	Y	Y	Y	Y	263.0000	263.0000	263.0000	263.0000
50	148	0	0	0	0	0	0.0000	0.0000	0.0000	0.0000	0.0000	0.0135	0.0000	0.0000	0.0000	0.0000	0.0000	0.0000	0.0000	AAA	AAA	AAA	AAA	K	K	K	K	236.0000	236.0000	236.0000	236.0000
51	151	0	0	0	0	0	0.0000	0.0000	0.0000	0.0000	0.0000	0.0135	0.0000	0.0000	0.0000	0.0000	0.0000	0.0000	0.0000	GGG	GGG	GGG	GGG	G	G	G	G	104.0000	104.0000	104.0000	104.0000
52	154	0	0	0	0	0	0.0000	0.0000	0.0000	0.0000	0.0000	0.0135	0.0000	0.0000	0.0000	0.0000	0.0000	0.0000	0.0000	CGA	CGA	CGA	CGA	R	R	R	R	274.0000	274.0000	274.0000	274.0000
53	157	0	0	0	0	0	0.0000	0.0000	0.0000	0.0000	0.0000	0.0135	0.0000	0.0000	0.0000	0.0000	0.0000	0.0000	0.0000	TGC	TGC	TGC	TGC	C	C	C	C	167.0000	167.0000	167.0000	167.0000
54	160	0	0	0	0	0	0.0000	0.0000	0.0000	0.0000	0.0000	0.0135	0.0000	0.0000	0.0000	0.0000	0.0000	0.0000	0.0000	TAC	TAC	TAC	TAC	Y	Y	Y	Y	263.0000	263.0000	263.0000	263.0000
55	163	0	0	0	0	0	0.0000	0.0000	0.0000	0.0000	0.0000	0.0135	0.0000	0.0000	0.0000	0.0000	0.0000	0.0000	0.0000	CAC	CAC	CAC	CAC	H	H	H	H	224.0000	224.0000	224.0000	224.0000
56	166	0	0	0	0	0	0.0000	0.0000	0.0000	0.0000	0.0000	0.0135	0.0000	6.0588	0.0000	0.0000	0.0000	0.0000	0.0000	ATC	ATC	ATC	ATC	I	I	I	I	197.0000	197.0000	197.0000	197.0000
57	169	0	0	0	0	0	0.0000	0.0000	0.0000	0.0000	0.0000	0.0135	0.0000	0.0000	0.0000	0.0000	0.0000	0.0000	0.0000	GAG	GAG	GAG	GAG	E	E	E	E	223.0000	223.0000	223.0000	223.0000
58	172	0	0	0	0	0	0.0000	0.0000	0.0000	0.0000	0.0000	0.0135	0.0000	0.0000	0.0000	0.0000	0.0000	0.0000	0.0000	CCC	CCC	CCC	CCC	P	P	P	P	159.0000	159.0000	159.0000	159.0000
59	175	0	0	0	0	0	0.0000	0.0000	0.0000	0.0000	0.0000	0.0135	0.0000	0.0000	0.0000	0.0000	0.0000	0.0000	0.0000	GTT	GTT	GTT	GTT	V	V	V	V	174.0000	174.0000	174.0000	174.0000
60	178	0	0	0	0	0	0.0000	0.0000	0.0000	0.0000	0.0000	0.0135	0.0000	0.0000	0.0000	0.0000	0.0000	0.0000	0.0000	GCT	GCT	GCT	GCT	A	A	A	A	129.0000	129.0000	129.0000	129.0000
61	181	0	0	0	0	0	0.0000	0.0000	0.0000	0.0000	0.0000	0.0135	0.0000	1.0001	0.0000	0.0000	0.0000	0.0000	0.0000	GGA	GGA	GGA	GGA	G	G	G	G	104.0000	104.0000	104.0000	104.0000
62	184	0	0	0	0	0	0.0000	0.0000	0.0000	0.0000	0.0000	0.0135	0.0000	0.0000	0.0000	0.0000	0.0000	0.0000	0.0000	GAA	GAA	GAA	GAA	E	E	E	E	223.0000	223.0000	223.0000	223.0000
63	187	0	0	0	0	0	0.0000	0.0000	0.0000	0.0000	0.0000	0.0135	0.0000	0.0000	0.0000	0.0000	0.0000	0.0000	0.0000	GAA	GAA	GAA	GAA	E	E	E	E	223.0000	223.0000	223.0000	223.0000
64	190	0	0	0	0	0	0.0000	0.0000	0.0000	0.0000	0.0000	0.0135	0.0000	0.0000	6.0025	0.0000	0.0000	0.0000	0.0000	AGT	AGT	AGT	AGT	S	S	S	S	155.0000	155.0000	155.0000	155.0000
65	193	0	0	0	0	0	0.0000	0.0000	0.0000	0.0000	0.0000	0.0135	0.0000	0.0000	0.0000	0.0000	0.0000	0.0000	0.0000	CAA	CAA	CAA	CAA	Q	Q	Q	Q	225.0000	225.0000	225.0000	225.0000
66	196	0	0	0	0	0	0.0000	0.0000	0.0000	0.0000	0.0000	0.0135	0.0000	0.0000	0.0000	0.0000	0.0000	0.0000	0.0000	TTT	TTT	TTT	TTT	F	F	F	F	240.0000	240.0000	240.0000	240.0000
67	199	0	0	0	0	0	0.0000	0.0000	0.0000	0.0000	0.0000	0.0135	0.0000	0.0000	0.0000	0.0000	0.0000	0.0000	0.0000	ATT	ATT	ATT	ATT	I	I	I	I	197.0000	197.0000	197.0000	197.0000
68	202	0	0	0	0	0	0.0000	0.0000	0.0000	0.0000	0.0000	0.0135	0.0000	0.0000	0.0000	0.0000	0.0000	0.0000	0.0000	GCT	GCT	GCT	GCT	A	A	A	A	129.0000	129.0000	129.0000	129.0000
69	205	0	0	0	0	0	0.0000	0.0000	0.0000	0.0000	0.0000	0.0135	0.0000	0.0000	0.0000	0.0000	0.0000	0.0000	0.0000	TAT	TAT	TAT	TAT	Y	Y	Y	Y	263.0000	263.0000	263.0000	263.0000
70	208	0	0	0	0	0	0.0000	0.0000	0.0000	0.0000	0.0000	0.0135	0.0000	0.0000	0.0000	0.0000	0.0000	0.0000	0.0000	GTA	GTA	GTA	GTA	V	V	V	V	174.0000	174.0000	174.0000	174.0000
71	211	0	0	0	0	0	0.0000	0.0000	0.0000	0.0000	0.0000	0.0135	0.0000	0.0000	0.0000	0.0000	0.0000	0.0000	0.0000	GCT	GCT	GCT	GCT	A	A	A	A	129.0000	129.0000	129.0000	129.0000
72	214	0	0	0	0	0	0.0000	0.0000	0.0000	0.0000	0.0000	0.0135	0.0000	0.0000	0.0000	0.0000	0.0000	0.0000	0.0000	TAC	TAC	TAC	TAC	Y	Y	Y	Y	263.0000	263.0000	263.0000	263.0000
73	217	0	0	0	0	0	0.0000	0.0000	0.0000	0.0000	0.0000	0.0135	0.0000	0.0000	0.0000	0.0000	0.0000	0.0000	0.0000	CCA	CCA	CCA	CCA	P	P	P	P	159.0000	159.0000	159.0000	159.0000
74	220	0	0	0	0	0	0.0000	0.0000	0.0000	0.0000	0.0000	0.0135	0.0000	0.0000	0.0000	0.0000	0.0000	0.0000	0.0000	TTA	TTA	TTA	TTA	L	L	L	L	201.0000	201.0000	201.0000	201.0000
75	223	0	0	0	0	0	0.0000	0.0000	0.0000	0.0000	0.0000	0.0135	0.0000	0.0000	0.0000	0.0000	0.0000	0.0000	0.0000	GAC	GAC	GAC	GAC	D	D	D	D	193.0000	193.0000	193.0000	193.0000
76	226	0	0	0	0	0	0.0000	0.0000	0.0000	0.0000	0.0000	0.0135	0.0000	0.0000	0.0000	0.0000	0.0000	0.0000	0.0000	CTT	CTT	CTT	CTT	L	L	L	L	201.0000	201.0000	201.0000	201.0000
77	229	0	0	0	0	0	0.0000	0.0000	0.0000	0.0000	0.0000	0.0135	0.0000	0.0000	0.0000	0.0000	0.0000	0.0000	0.0000	TTT	TTT	TTT	TTT	F	F	F	F	240.0000	240.0000	240.0000	240.0000
78	232	0	0	0	0	0	0.0000	0.0000	0.0000	0.0000	0.0000	0.0135	0.0000	0.0000	0.0000	0.0000	0.0000	0.0000	0.0000	GAA	GAA	GAA	GAA	E	E	E	E	223.0000	223.0000	223.0000	223.0000
79	235	0	0	0	0	0	0.0000	0.0000	0.0000	0.0000	0.0000	0.0135	0.0000	0.0000	0.0000	0.0000	0.0000	0.0000	0.0000	GAA	GAA	GAA	GAA	E	E	E	E	223.0000	223.0000	223.0000	223.0000
80	238	0	0	0	0	0	0.0000	0.0000	0.0000	0.0000	0.0000	0.0135	0.0000	0.0000	0.0000	0.0000	0.0000	0.0000	0.0000	GGT	GGT	GGT	GGT	G	G	G	G	104.0000	104.0000	104.0000	104.0000
81	241	0	0	0	0	0	0.0000	0.0000	0.0000	0.0000	0.0000	0.0135	0.0000	0.0000	0.0000	0.0000	0.0000	0.0000	0.0000	TCT	TCT	TCT	TCT	S	S	S	S	155.0000	155.0000	155.0000	155.0000
82	244	0	0	0	0	0	0.0000	0.0000	0.0000	0.0000	0.0000	0.0135	0.0000	0.0000	0.0000	0.0000	0.0000	0.0000	0.0000	GTT	GTT	GTT	GTT	V	V	V	V	174.0000	174.0000	174.0000	174.0000
83	247	0	0	0	0	0	0.0000	0.0000	0.0000	0.0000	0.0000	0.0135	0.0000	0.0000	0.0000	0.0000	0.0000	0.0000	0.0000	ACT	ACT	ACT	ACT	T	T	T	T	172.0000	172.0000	172.0000	172.0000
84	250	0	0	0	0	0	0.0000	0.0000	0.0000	0.0000	0.0000	0.0135	0.0000	0.0000	0.0000	0.0000	0.0000	0.0000	0.0000	AAC	AAC	AAC	AAC	N	N	N	N	195.0000	195.0000	195.0000	195.0000
85	253	0	0	0	0	0	0.0000	0.0000	0.0000	0.0000	0.0000	0.0135	0.0000	0.0000	0.0000	0.0000	0.0000	0.0000	0.0000	ATG	ATG	ATG	ATG	M	M	M	M	224.0000	224.0000	224.0000	224.0000
86	256	0	0	0	0	0	0.0000	0.0000	0.0000	0.0000	0.0000	0.0135	0.0000	0.0000	3.0000	0.0000	0.0000	0.0000	0.0000	TTT	TTT	TTT	TTT	F	F	F	F	240.0000	240.0000	240.0000	240.0000
87	259	0	0	0	0	0	0.0000	0.0000	0.0000	0.0000	0.0000	0.0135	0.0000	0.0000	0.0000	0.0000	0.0000	0.0000	0.0000	ACT	ACT	ACT	ACT	T	T	T	T	172.0000	172.0000	172.0000	172.0000
88	262	0	0	0	0	0	0.0000	0.0000	0.0000	0.0000	0.0000	0.0135	0.0000	0.0000	0.0000	0.0000	0.0000	0.0000	0.0000	TCC	TCC	TCC	TCC	S	S	S	S	155.0000	155.0000	155.0000	155.0000
89	265	0	0	0	0	0	0.0000	0.0000	0.0000	0.0000	0.0000	0.0135	0.0000	0.0000	0.0000	0.0000	0.0000	0.0000	0.0000	ATT	ATT	ATT	ATT	I	I	I	I	197.0000	197.0000	197.0000	197.0000
90	268	0	0	0	0	0	0.0000	0.0000	0.0000	0.0000	0.0000	0.0135	0.0000	0.0000	0.0000	0.0000	0.0000	0.0000	0.0000	GTG	GTG	GTG	GTG	V	V	V	V	174.0000	174.0000	174.0000	174.0000
91	271	0	0	0	0	0	0.0000	0.0000	0.0000	0.0000	0.0000	0.0135	0.0000	0.0000	0.0000	0.0000	0.0000	0.0000	0.0000	GGT	GGT	GGT	GGT	G	G	G	G	104.0000	104.0000	104.0000	104.0000
92	274	0	0	0	0	0	0.0000	0.0000	0.0000	0.0000	0.0000	0.0135	0.0000	0.0000	0.0000	0.0000	0.0000	0.0000	0.0000	AAT	AAT	AAT	AAT	N	N	N	N	195.0000	195.0000	195.0000	195.0000
93	277	0	0	0	0	0	0.0000	0.0000	0.0000	0.0000	0.0000	0.0135	0.0000	0.0000	0.0000	0.0000	0.0000	0.0000	0.0000	GTA	GTA	GTA	GTA	V	V	V	V	174.0000	174.0000	174.0000	174.0000
94	280	0	0	0	0	0	0.0000	0.0000	0.0000	0.0000	0.0000	0.0135	0.0000	0.0000	0.0000	0.0000	0.0000	0.0000	0.0000	TTT	TTT	TTT	TTT	F	F	F	F	240.0000	240.0000	240.0000	240.0000
95	283	0	0	0	0	0	0.0000	0.0000	0.0000	0.0000	0.0000	0.0135	0.0000	0.0000	0.0000	0.0000	0.0000	0.0000	0.0000	GGG	GGG	GGG	GGG	G	G	G	G	104.0000	104.0000	104.0000	104.0000
96	286	0	0	0	0	0	0.0000	0.0000	0.0000	0.0000	0.0000	0.0135	0.0000	0.0000	0.0000	0.0000	0.0000	0.0000	0.0000	TTC	TTC	TTC	TTC	F	F	F	F	240.0000	240.0000	240.0000	240.0000
97	289	0	0	0	0	0	0.0000	0.0000	0.0000	0.0000	0.0000	0.0135	0.0000	0.0000	0.0000	0.0000	0.0000	0.0000	0.0000	AAA	AAA	AAA	AAA	K	K	K	K	236.0000	236.0000	236.0000	236.0000
98	292	0	0	0	0	0	0.0000	0.0000	0.0000	0.0000	0.0000	0.0135	0.0000	0.0000	0.0000	0.0000	0.0000	0.0000	0.0000	GCC	GCC	GCC	GCC	A	A	A	A	129.0000	129.0000	129.0000	129.0000
99	295	0	0	0	0	0	0.0000	0.0000	0.0000	0.0000	0.0000	0.0135	0.0000	0.0000	0.0000	0.0000	0.0000	0.0000	0.0000	CTG	CTG	CTG	CTG	L	L	L	L	201.0000	201.0000	201.0000	201.0000
100	298	0	0	0	0	0	0.0000	0.0000	0.0000	0.0000	0.0000	0.0135	0.0000	0.0000	0.0000	0.0000	0.0000	0.0000	0.0000	CGC	CGC	CGC	CGC	R	R	R	R	274.0000	274.0000	274.0000	274.0000
101	301	0	0	0	0	0	0.0000	0.0000	0.0000	0.0000	0.0000	0.0135	0.0000	0.0000	0.0000	0.0000	0.0000	0.0000	0.0000	GCT	GCT	GCT	GCT	A	A	A	A	129.0000	129.0000	129.0000	129.0000
102	304	0	0	0	0	0	0.0000	0.0000	0.0000	0.0000	0.0000	0.0135	0.0000	0.0000	0.0000	0.0000	0.0000	0.0000	0.0000	CTA	CTA	CTA	CTA	L	L	L	L	201.0000	201.0000	201.0000	201.0000
103	307	0	0	0	0	0	0.0000	0.0000	0.0000	0.0000	0.0000	0.0135	0.0000	0.0000	0.0000	0.0000	0.0000	0.0000	0.0000	CGT	CGT	CGT	CGT	R	R	R	R	274.0000	274.0000	274.0000	274.0000
104	310	0	0	0	0	0	0.0000	0.0000	0.0000	0.0000	0.0000	0.0135	0.0000	0.0000	0.0000	0.0000	0.0000	0.0000	0.0000	CTG	CTG	CTG	CTG	L	L	L	L	201.0000	201.0000	201.0000	201.0000
105	313	0	0	0	0	0	0.0000	0.0000	0.0000	0.0000	0.0000	0.0135	0.0000	0.0000	0.0000	0.0000	0.0000	0.0000	0.0000	GAA	GAA	GAA	GAA	E	E	E	E	223.0000	223.0000	223.0000	223.0000
106	316	0	0	0	0	0	0.0000	0.0000	0.0000	0.0000	0.0000	0.0135	0.0000	0.0000	0.0000	0.0000	0.0000	0.0000	0.0000	GAT	GAT	GAT	GAT	D	D	D	D	193.0000	193.0000	193.0000	193.0000
107	319	0	0	0	0	0	0.0000	0.0000	0.0000	0.0000	0.0000	0.0135	0.0000	0.0000	0.0000	0.0000	0.0000	0.0000	0.0000	CTG	CTG	CTG	CTG	L	L	L	L	201.0000	201.0000	201.0000	201.0000
108	322	0	0	0	0	0	0.0000	0.0000	0.0000	0.0000	0.0000	0.0135	0.0000	0.0000	0.0000	0.0000	0.0000	0.0000	0.0000	CGA	CGA	CGA	CGA	R	R	R	R	274.0000	274.0000	274.0000	274.0000
109	325	0	0	0	0	0	0.0000	0.0000	0.0000	0.0000	0.0000	0.0135	0.0000	0.0000	0.0000	0.0000	0.0000	0.0000	0.0000	ATT	ATT	ATT	ATT	I	I	I	I	197.0000	197.0000	197.0000	197.0000
110	328	0	0	0	0	0	0.0000	0.0000	0.0000	0.0000	0.0000	0.0135	0.0000	0.0000	0.0000	0.0000	0.0000	0.0000	0.0000	CCT	CCT	CCT	CCT	P	P	P	P	159.0000	159.0000	159.0000	159.0000
111	331	0	0	0	0	0	0.0000	0.0000	0.0000	0.0000	0.0000	0.0135	0.0000	0.0000	0.0000	0.0000	0.0000	0.0000	0.0000	GTT	GTT	GTT	GTT	V	V	V	V	174.0000	174.0000	174.0000	174.0000
112	334	0	0	0	0	0	0.0000	0.0000	0.0000	0.0000	0.0000	0.0135	0.0000	0.0000	0.0000	0.0000	0.0000	0.0000	0.0000	GCT	GCT	GCT	GCT	A	A	A	A	129.0000	129.0000	129.0000	129.0000
113	337	0	0	0	0	0	0.0000	0.0000	0.0000	0.0000	0.0000	0.0135	0.0000	0.0000	0.0000	0.0000	0.0000	0.0000	0.0000	TAT	TAT	TAT	TAT	Y	Y	Y	Y	263.0000	263.0000	263.0000	263.0000
114	340	0	0	0	0	0	0.0000	0.0000	0.0000	0.0000	0.0000	0.0135	0.0000	2.0001	0.0000	0.0000	0.0000	0.0000	0.0000	GTT	GTT	GTT	GTT	V	V	V	V	174.0000	174.0000	174.0000	174.0000
115	343	0	0	0	0	0	0.0000	0.0000	0.0000	0.0000	0.0000	0.0135	0.0000	0.0000	0.0000	0.0000	0.0000	0.0000	0.0000	AAA	AAA	AAA	AAA	K	K	K	K	236.0000	236.0000	236.0000	236.0000
116	346	0	0	0	0	0	0.0000	0.0000	0.0000	0.0000	0.0000	0.0135	0.0000	0.0000	0.0000	0.0000	0.0000	0.0000	0.0000	ACT	ACT	ACT	ACT	T	T	T	T	172.0000	172.0000	172.0000	172.0000
117	349	0	0	0	0	0	0.0000	0.0000	0.0000	0.0000	0.0000	0.0135	0.0000	0.0000	0.0000	0.0000	0.0000	0.0000	0.0000	TTC	TTC	TTC	TTC	F	F	F	F	240.0000	240.0000	240.0000	240.0000
118	352	0	0	0	0	0	0.0000	0.0000	0.0000	0.0000	0.0000	0.0135	0.0000	0.0000	0.0000	0.0000	0.0000	0.0000	0.0000	CAA	CAA	CAA	CAA	Q	Q	Q	Q	225.0000	225.0000	225.0000	225.0000
119	355	0	0	0	0	0	0.0000	0.0000	0.0000	0.0000	0.0000	0.0135	0.0000	1.0000	0.0000	0.0000	0.0000	0.0000	0.0000	GGC	GGC	GGC	GGC	G	G	G	G	104.0000	104.0000	104.0000	104.0000
120	358	0	0	0	0	0	0.0000	0.0000	0.0000	0.0000	0.0000	0.0135	0.0000	1.0000	0.0000	0.0000	0.0000	0.0000	0.0000	CCG	CCG	CCG	CCG	P	P	P	P	159.0000	159.0000	159.0000	159.0000
121	361	0	0	0	0	0	0.0000	0.0000	0.0000	0.0000	0.0000	0.0135	0.0000	0.0000	0.0000	0.0000	0.0000	0.0000	0.0000	CCT	CCT	CCT	CCT	P	P	P	P	159.0000	159.0000	159.0000	159.0000
122	364	0	0	0	0	0	0.0000	0.0000	0.0000	0.0000	0.0000	0.0135	0.0000	0.0000	0.0000	0.0000	0.0000	0.0000	0.0000	CAT	CAT	CAT	CAT	H	H	H	H	224.0000	224.0000	224.0000	224.0000
123	367	0	0	0	0	0	0.0000	0.0000	0.0000	0.0000	0.0000	0.0135	0.0000	0.0000	0.0000	0.0000	0.0000	0.0000	0.0000	GGC	GGC	GGC	GGC	G	G	G	G	104.0000	104.0000	104.0000	104.0000
124	370	0	0	0	0	0	0.0000	0.0000	0.0000	0.0000	0.0000	0.0135	0.0000	0.0000	0.0000	0.0000	0.0000	0.0000	0.0000	ATC	ATC	ATC	ATC	I	I	I	I	197.0000	197.0000	197.0000	197.0000
125	373	0	0	0	0	0	0.0000	0.0000	0.0000	0.0000	0.0000	0.0135	0.0000	0.0000	0.0000	0.0000	0.0000	0.0000	0.0000	CAA	CAA	CAA	CAA	Q	Q	Q	Q	225.0000	225.0000	225.0000	225.0000
126	376	0	0	0	0	0	0.0000	0.0000	0.0000	0.0000	0.0000	0.0135	0.0000	0.0001	4.0000	0.0000	0.0000	0.0000	0.0000	GTT	GTT	GTT	GTT	V	V	V	V	174.0000	174.0000	174.0000	174.0000
127	379	0	0	0	0	0	0.0000	0.0000	0.0000	0.0000	0.0000	0.0135	0.0000	1.0000	0.0000	0.0000	0.0000	0.0000	0.0000	GAG	GAG	GAG	GAG	E	E	E	E	223.0000	223.0000	223.0000	223.0000
128	382	0	0	0	0	0	0.0000	0.0000	0.0000	0.0000	0.0000	0.0135	0.0000	0.0000	0.0000	0.0000	0.0000	0.0000	0.0000	AGA	AGA	AGA	AGA	R	R	R	R	274.0000	274.0000	274.0000	274.0000
129	385	0	0	0	0	0	0.0000	0.0000	0.0000	0.0000	0.0000	0.0135	0.0000	0.0000	0.0000	0.0000	0.0000	0.0000	0.0000	GAT	GAT	GAT	GAT	D	D	D	D	193.0000	193.0000	193.0000	193.0000
130	388	0	0	0	0	0	0.0000	0.0000	0.0000	0.0000	0.0000	0.0135	0.0000	0.0000	0.0000	0.0000	0.0000	0.0000	0.0000	AAA	AAA	AAA	AAA	K	K	K	K	236.0000	236.0000	236.0000	236.0000
131	391	0	0	0	0	0	0.0000	0.0000	0.0000	0.0000	0.0000	0.0135	0.0000	0.0000	0.0000	0.0000	0.0000	0.0000	0.0000	TTG	TTG	TTG	TTG	L	L	L	L	201.0000	201.0000	201.0000	201.0000
132	394	0	0	0	0	0	0.0000	0.0000	0.0000	0.0000	0.0000	0.0135	0.0000	0.0000	0.0000	0.0000	0.0000	0.0000	0.0000	AAC	AAC	AAC	AAC	N	N	N	N	195.0000	195.0000	195.0000	195.0000
133	397	0	0	0	0	0	0.0000	0.0000	0.0000	0.0000	0.0000	0.0135	0.0000	0.0000	0.0000	0.0000	0.0000	0.0000	0.0000	AAG	AAG	AAG	AAG	K	K	K	K	236.0000	236.0000	236.0000	236.0000
134	400	0	0	0	0	0	0.0000	0.0000	0.0000	0.0000	0.0000	0.0135	0.0000	0.0000	0.0000	0.0000	0.0000	0.0000	0.0000	TAT	TAT	TAT	TAT	Y	Y	Y	Y	263.0000	263.0000	263.0000	263.0000
135	403	0	0	0	0	0	0.0000	0.0000	0.0000	0.0000	0.0000	0.0135	0.0000	0.0000	0.0000	0.0000	0.0000	0.0000	0.0000	GGT	GGT	GGT	GGT	G	G	G	G	104.0000	104.0000	104.0000	104.0000
136	406	0	0	0	0	0	0.0000	0.0000	0.0000	0.0000	0.0000	0.0135	0.0000	1.0001	0.0000	0.0000	0.0000	0.0000	0.0000	CGT	CGT	CGT	CGT	R	R	R	R	274.0000	274.0000	274.0000	274.0000
137	409	0	0	0	0	0	0.0000	0.0000	0.0000	0.0000	0.0000	0.0135	0.0000	0.0000	0.0000	0.0000	0.0000	0.0000	0.0000	CCC	CCC	CCC	CCC	P	P	P	P	159.0000	159.0000	159.0000	159.0000
138	412	0	0	0	0	0	0.0000	0.0000	0.0000	0.0000	0.0000	0.0135	0.0000	0.0000	0.0000	0.0000	0.0000	0.0000	0.0000	CTG	CTG	CTG	CTG	L	L	L	L	201.0000	201.0000	201.0000	201.0000
139	415	0	0	0	0	0	0.0000	0.0000	0.0000	0.0000	0.0000	0.0135	0.0000	0.0000	0.0000	0.0000	0.0000	0.0000	0.0000	TTG	TTG	TTG	TTG	L	L	L	L	201.0000	201.0000	201.0000	201.0000
140	418	0	0	0	0	0	0.0000	0.0000	0.0000	0.0000	0.0000	0.0135	0.0000	0.0000	0.0000	0.0000	0.0000	0.0000	0.0000	GGA	GGA	GGA	GGA	G	G	G	G	104.0000	104.0000	104.0000	104.0000
141	421	0	0	0	0	0	0.0000	0.0000	0.0000	0.0000	0.0000	0.0135	0.0000	0.0000	0.0000	0.0000	0.0000	0.0000	0.0000	TGC	TGC	TGC	TGC	C	C	C	C	167.0000	167.0000	167.0000	167.0000
142	424	0	0	0	0	0	0.0000	0.0000	0.0000	0.0000	0.0000	0.0135	0.0000	0.0000	0.0000	0.0000	0.0000	0.0000	0.0000	ACT	ACT	ACT	ACT	T	T	T	T	172.0000	172.0000	172.0000	172.0000
143	427	0	0	0	0	0	0.0000	0.0000	0.0000	0.0000	0.0000	0.0135	0.0000	0.0000	0.0000	0.0000	0.0000	0.0000	0.0000	ATT	ATT	ATT	ATT	I	I	I	I	197.0000	197.0000	197.0000	197.0000
144	430	0	0	0	0	0	0.0000	0.0000	0.0000	0.0000	0.0000	0.0135	0.0000	0.0000	0.0000	0.0000	0.0000	0.0000	0.0000	AAA	AAA	AAA	AAA	K	K	K	K	236.0000	236.0000	236.0000	236.0000
145	433	0	0	0	0	0	0.0000	0.0000	0.0000	0.0000	0.0000	0.0135	0.0000	0.0000	0.0000	0.0000	0.0000	0.0000	0.0000	CCT	CCT	CCT	CCT	P	P	P	P	159.0000	159.0000	159.0000	159.0000
146	436	0	0	0	0	0	0.0000	0.0000	0.0000	0.0000	0.0000	0.0135	0.0000	0.0000	0.0000	0.0000	0.0000	0.0000	0.0000	AAA	AAA	AAA	AAA	K	K	K	K	236.0000	236.0000	236.0000	236.0000
147	439	0	0	0	0	0	0.0000	0.0000	0.0000	0.0000	0.0000	0.0135	0.0000	0.0000	0.0000	0.0000	0.0000	0.0000	0.0000	TTG	TTG	TTG	TTG	L	L	L	L	201.0000	201.0000	201.0000	201.0000
148	442	0	0	0	0	0	0.0000	0.0000	0.0000	0.0000	0.0000	0.0135	0.0000	0.0000	0.0000	0.0000	0.0000	0.0000	0.0000	GGG	GGG	GGG	GGG	G	G	G	G	104.0000	104.0000	104.0000	104.0000
149	445	0	0	0	0	0	0.0000	0.0000	0.0000	0.0000	0.0000	0.0135	0.0000	0.0000	0.0000	0.0000	0.0000	0.0000	0.0000	TTA	TTA	TTA	TTA	L	L	L	L	201.0000	201.0000	201.0000	201.0000
150	448	0	0	0	0	0	0.0000	0.0000	0.0000	0.0000	0.0000	0.0135	0.0000	2.0000	0.0000	0.0000	0.0000	0.0000	0.0000	TCT	TCT	TCT	TCT	S	S	S	S	155.0000	155.0000	155.0000	155.0000
151	451	0	0	0	0	0	0.0000	0.0000	0.0000	0.0000	0.0000	0.0135	0.0000	0.0000	0.0000	0.0000	0.0000	0.0000	0.0000	GCT	GCT	GCT	GCT	A	A	A	A	129.0000	129.0000	129.0000	129.0000
152	454	0	0	0	0	0	0.0000	0.0000	0.0000	0.0000	0.0000	0.0135	0.0000	0.0000	0.0000	0.0000	0.0000	0.0000	0.0000	AAA	AAA	AAA	AAA	K	K	K	K	236.0000	236.0000	236.0000	236.0000
153	457	0	0	0	0	0	0.0000	0.0000	0.0000	0.0000	0.0000	0.0135	0.0000	0.0000	0.0000	0.0000	0.0000	0.0000	0.0000	AAC	AAC	AAC	AAC	N	N	N	N	195.0000	195.0000	195.0000	195.0000
154	460	0	0	0	0	0	0.0000	0.0000	0.0000	0.0000	0.0000	0.0135	0.0000	0.0000	0.0000	0.0000	0.0000	0.0000	0.0000	TAC	TAC	TAC	TAC	Y	Y	Y	Y	263.0000	263.0000	263.0000	263.0000
155	463	0	0	0	0	0	0.0000	0.0000	0.0000	0.0000	0.0000	0.0135	0.0000	0.0000	0.0000	0.0000	0.0000	0.0000	0.0000	GGT	GGT	GGT	GGT	G	G	G	G	104.0000	104.0000	104.0000	104.0000
156	466	0	0	0	0	0	0.0000	0.0000	0.0000	0.0000	0.0000	0.0135	0.0000	1.0000	0.0000	0.0000	0.0000	0.0000	0.0000	AGA	AGA	AGA	AGA	R	R	R	R	274.0000	274.0000	274.0000	274.0000
157	469	0	0	0	0	0	0.0000	0.0000	0.0000	0.0000	0.0000	0.0135	0.0000	0.0000	0.0000	0.0000	0.0000	0.0000	0.0000	GCG	GCG	GCG	GCG	A	A	A	A	129.0000	129.0000	129.0000	129.0000
158	472	0	0	0	0	0	0.0000	0.0000	0.0000	0.0000	0.0000	0.0135	0.0000	0.0000	0.0000	0.0000	0.0000	0.0000	0.0000	GTT	GTT	GTT	GTT	V	V	V	V	174.0000	174.0000	174.0000	174.0000
159	475	0	0	0	0	0	0.0000	0.0000	0.0000	0.0000	0.0000	0.0135	0.0000	0.0000	1.0000	0.0000	0.0000	0.0000	0.0000	TAT	TAT	TAT	TAT	Y	Y	Y	Y	263.0000	263.0000	263.0000	263.0000
160	478	0	0	0	0	0	0.0000	0.0000	0.0000	0.0000	0.0000	0.0135	0.0000	0.0000	0.0000	0.0000	0.0000	0.0000	0.0000	GAA	GAA	GAA	GAA	E	E	E	E	223.0000	223.0000	223.0000	223.0000
161	481	0	0	0	0	0	0.0000	0.0000	0.0000	0.0000	0.0000	0.0135	0.0000	0.0000	0.0000	0.0000	0.0000	0.0000	0.0000	TGT	TGT	TGT	TGT	C	C	C	C	167.0000	167.0000	167.0000	167.0000
162	484	0	0	0	0	0	0.0000	0.0000	0.0000	0.0000	0.0000	0.0135	0.0000	1.0000	0.0000	0.0000	0.0000	0.0000	0.0000	CTC	CTC	CTC	CTC	L	L	L	L	201.0000	201.0000	201.0000	201.0000
163	487	0	0	0	0	0	0.0000	0.0000	0.0000	0.0000	0.0000	0.0135	0.0000	1.0000	0.0000	0.0000	0.0000	0.0000	0.0000	CGC	CGC	CGC	CGC	R	R	R	R	274.0000	274.0000	274.0000	274.0000
164	490	0	0	0	0	0	0.0000	0.0000	0.0000	0.0000	0.0000	0.1216	0.0000	0.0000	0.0000	0.0000	0.0000	0.0000	0.0000	GGT	GGT	GGT	GGT	G	G	G	G	104.0000	104.0000	104.0000	104.0000
165	493	0	0	0	0	0	0.0000	0.0000	0.0000	0.0000	0.0000	0.1216	0.0000	0.0000	0.0000	0.0000	0.0000	0.0000	0.0000	GGA	GGA	GGA	GGA	G	G	G	G	104.0000	104.0000	104.0000	104.0000
166	496	0	0	0	0	0	0.0000	0.0000	0.0000	0.0000	0.0000	0.1216	0.0000	0.0000	0.0000	0.0000	0.0000	0.0000	0.0000	CTT	CTT	CTT	CTT	L	L	L	L	201.0000	201.0000	201.0000	201.0000
167	499	0	0	0	0	0	0.0000	0.0000	0.0000	0.0000	0.0000	0.1216	0.0000	0.0000	0.0000	0.0000	0.0000	0.0000	0.0000	GAT	GAT	GAT	GAT	D	D	D	D	193.0000	193.0000	193.0000	193.0000
168	502	0	0	0	0	0	0.0000	0.0000	0.0000	0.0000	0.0000	0.1216	0.0000	0.0000	0.0000	0.0000	0.0000	0.0000	0.0000	TTT	TTT	TTT	TTT	F	F	F	F	240.0000	240.0000	240.0000	240.0000
169	505	0	0	0	0	0	0.0000	0.0000	0.0000	0.0000	0.0000	0.1216	0.0000	0.0000	0.0000	0.0000	0.0000	0.0000	0.0000	ACC	ACC	ACC	ACC	T	T	T	T	172.0000	172.0000	172.0000	172.0000
170	508	0	0	0	0	0	0.0000	0.0000	0.0000	0.0000	0.0000	0.1216	0.0000	0.0000	0.0000	0.0000	0.0000	0.0000	0.0000	AAA	AAA	AAA	AAA	K	K	K	K	236.0000	236.0000	236.0000	236.0000
171	511	0	0	0	0	0	0.0000	0.0000	0.0000	0.0000	0.0000	0.1216	0.0000	1.0000	0.0000	0.0000	0.0000	0.0000	0.0000	GAC	GAC	GAC	GAC	D	D	D	D	193.0000	193.0000	193.0000	193.0000
172	514	0	0	0	0	0	0.0000	0.0000	0.0000	0.0000	0.0000	0.1216	0.0000	0.0000	0.0000	0.0000	0.0000	0.0000	0.0000	GAT	GAT	GAT	GAT	D	D	D	D	193.0000	193.0000	193.0000	193.0000
173	517	0	0	0	0	0	0.0000	0.0000	0.0000	0.0000	0.0000	0.1216	0.0000	0.0000	0.0000	0.0000	0.0000	0.0000	0.0000	GAG	GAG	GAG	GAG	E	E	E	E	223.0000	223.0000	223.0000	223.0000
174	520	0	0	0	0	0	0.0000	0.0000	0.0000	0.0000	0.0000	0.1216	0.0000	0.0000	0.0000	0.0000	0.0000	0.0000	0.0000	AAC	AAC	AAC	AAC	N	N	N	N	195.0000	195.0000	195.0000	195.0000
175	523	0	0	0	0	0	0.0000	0.0000	0.0000	0.0000	0.0000	0.1216	0.0000	0.0000	0.0000	0.0000	0.0000	0.0000	0.0000	GTG	GTG	GTG	GTG	V	V	V	V	174.0000	174.0000	174.0000	174.0000
176	526	0	0	0	0	0	0.0000	0.0000	0.0000	0.0000	0.0000	0.1216	0.0000	0.0000	0.0000	0.0000	0.0000	0.0000	0.0000	AAC	AAC	AAC	AAC	N	N	N	N	195.0000	195.0000	195.0000	195.0000
177	529	0	0	0	0	0	0.0000	0.0000	0.0000	0.0000	0.0000	0.1216	0.0000	0.0000	0.0000	0.0000	0.0000	0.0000	0.0000	TCC	TCC	TCC	TCC	S	S	S	S	155.0000	155.0000	155.0000	155.0000
178	532	0	0	0	0	0	0.0000	0.0000	0.0000	0.0000	0.0000	0.1216	0.0000	0.0000	0.0000	0.0000	0.0000	0.0000	0.0000	CAA	CAA	CAA	CAA	Q	Q	Q	Q	225.0000	225.0000	225.0000	225.0000
179	535	0	0	0	0	0	0.0000	0.0000	0.0000	0.0000	0.0000	0.1216	0.0000	0.0000	0.0000	0.0000	0.0000	0.0000	0.0000	CCA	CCA	CCA	CCA	P	P	P	P	159.0000	159.0000	159.0000	159.0000
180	538	0	0	0	0	0	0.0000	0.0000	0.0000	0.0000	0.0000	0.1216	0.0000	0.0000	0.0000	0.0000	0.0000	0.0000	0.0000	TTT	TTT	TTT	TTT	F	F	F	F	240.0000	240.0000	240.0000	240.0000
181	541	0	0	0	0	0	0.0000	0.0000	0.0000	0.0000	0.0000	0.1216	0.0000	0.0000	0.0000	0.0000	0.0000	0.0000	0.0000	ATG	ATG	ATG	ATG	M	M	M	M	224.0000	224.0000	224.0000	224.0000
182	544	0	0	0	0	0	0.0000	0.0000	0.0000	0.0000	0.0000	0.1216	0.0000	1.0006	0.0000	0.0000	0.0000	0.0000	0.0000	CGT	CGT	CGT	CGT	R	R	R	R	274.0000	274.0000	274.0000	274.0000
183	547	0	0	0	0	0	0.0000	0.0000	0.0000	0.0000	0.0000	0.1216	0.0000	0.0000	0.0000	0.0000	0.0000	0.0000	0.0000	TGG	TGG	TGG	TGG	W	W	W	W	285.0000	285.0000	285.0000	285.0000
184	550	0	0	0	0	0	0.0000	0.0000	0.0000	0.0000	0.0000	0.1216	0.0000	0.0000	0.0000	0.0000	0.0000	0.0000	0.0000	AGA	AGA	AGA	AGA	R	R	R	R	274.0000	274.0000	274.0000	274.0000
185	553	0	0	0	0	0	0.0000	0.0000	0.0000	0.0000	0.0000	0.1216	0.0000	0.0000	0.0000	0.0000	0.0000	0.0000	0.0000	GAT	GAT	GAT	GAT	D	D	D	D	193.0000	193.0000	193.0000	193.0000
186	556	0	0	0	0	0	0.0000	0.0000	0.0000	0.0000	0.0000	0.1216	0.0000	0.0000	0.0000	0.0000	0.0000	0.0000	0.0000	CGT	CGT	CGT	CGT	R	R	R	R	274.0000	274.0000	274.0000	274.0000
187	559	0	0	0	0	0	0.0000	0.0000	0.0000	0.0000	0.0000	0.1216	0.0000	0.0000	0.0000	0.0000	0.0000	0.0000	0.0000	TTC	TTC	TTC	TTC	F	F	F	F	240.0000	240.0000	240.0000	240.0000
188	562	0	0	0	0	0	0.0000	0.0000	0.0000	0.0000	0.0000	0.1216	0.0000	0.0001	6.0001	0.0000	0.0000	0.0000	0.0000	TTA	TTA	TTA	TTA	L	L	L	L	201.0000	201.0000	201.0000	201.0000
189	565	0	0	0	0	0	0.0000	0.0000	0.0000	0.0000	0.0000	0.1216	0.0000	0.0000	0.0000	0.0000	0.0000	0.0000	0.0000	TTT	TTT	TTT	TTT	F	F	F	F	240.0000	240.0000	240.0000	240.0000
190	568	0	0	0	0	0	0.0000	0.0000	0.0000	0.0000	0.0000	0.1216	0.0000	0.0000	0.0000	0.0000	0.0000	0.0000	0.0000	TGT	TGT	TGT	TGT	C	C	C	C	167.0000	167.0000	167.0000	167.0000
191	571	0	0	0	0	0	0.0000	0.0000	0.0000	0.0000	0.0000	0.1216	0.0000	0.0000	0.0000	0.0000	0.0000	0.0000	0.0000	GCC	GCC	GCC	GCC	A	A	A	A	129.0000	129.0000	129.0000	129.0000
192	574	0	0	0	0	0	0.0000	0.0000	0.0000	0.0000	0.0000	0.1216	0.0000	0.0000	0.0000	0.0000	0.0000	0.0000	0.0000	GAA	GAA	GAA	GAA	E	E	E	E	223.0000	223.0000	223.0000	223.0000
193	577	0	0	0	0	0	0.0000	0.0000	0.0000	0.0000	0.0000	0.1216	0.0000	1.0001	0.0000	0.0000	0.0000	0.0000	0.0000	GCA	GCA	GCA	GCA	A	A	A	A	129.0000	129.0000	129.0000	129.0000
194	580	0	0	0	0	0	0.0000	0.0000	0.0000	0.0000	0.0000	0.1216	0.0000	0.0000	14.0351	0.0000	0.0000	0.0000	0.0003	CTT	CTT	CTT	CTT	L	L	L	L	201.0000	201.0000	201.0000	201.0000
195	583	0	0	0	0	0	0.0000	0.0000	0.0000	0.0000	0.0000	0.1216	0.0000	0.0000	5.0045	0.0000	0.0000	0.0000	0.0000	TAT	TAT	TAT	TAT	Y	Y	Y	Y	263.0000	263.0000	263.0000	263.0000
196	586	0	0	0	0	0	0.0000	0.0000	0.0000	0.0000	0.0000	0.1216	0.0000	0.0000	0.0000	0.0000	0.0000	0.0000	0.0000	AAA	AAA	AAA	AAA	K	K	K	K	236.0000	236.0000	236.0000	236.0000
197	589	0	0	0	0	0	0.0000	0.0000	0.0000	0.0000	0.0000	0.1216	0.0000	0.0001	1.0000	0.0000	0.0000	0.0000	0.0000	GCA	GCA	GCA	GCA	A	A	A	A	129.0000	129.0000	129.0000	129.0000
198	592	0	0	0	0	0	0.0000	0.0000	0.0000	0.0000	0.0000	0.1216	0.0000	0.0000	0.0000	0.0000	0.0000	0.0000	0.0000	CAA	CAA	CAA	CAA	Q	Q	Q	Q	225.0000	225.0000	225.0000	225.0000
199	595	0	0	0	0	0	0.0000	0.0000	0.0000	0.0000	0.0000	0.1216	0.0000	0.0003	4.9605	0.0000	0.0000	0.0000	0.9933	GCT	ACT	GCT	GCT	A	T	A	A	129.0000	172.0000	129.0000	129.0000
200	598	0	0	0	0	0	0.0000	0.0000	0.0000	0.0000	0.0000	0.1216	0.0000	0.0000	0.0000	0.0000	0.0000	0.0000	0.0000	GAA	GAA	GAA	GAA	E	E	E	E	223.0000	223.0000	223.0000	223.0000
201	601	0	0	0	0	0	0.0000	0.0000	0.0000	0.0000	0.0000	0.1149	0.0000	0.0000	0.0000	0.0000	0.0000	0.0000	0.0000	ACA	ACA	ACA	ACA	T	T	T	T	172.0000	172.0000	172.0000	172.0000
202	604	0	0	0	0	0	0.0000	0.0000	0.0000	0.0000	0.0000	0.1149	0.0000	0.0000	0.0000	0.0000	0.0000	0.0000	0.0000	GGT	GGT	GGT	GGT	G	G	G	G	104.0000	104.0000	104.0000	104.0000
203	607	0	0	0	0	0	0.0000	0.0000	0.0000	0.0000	0.0000	0.1149	0.0000	0.0000	0.0000	0.0000	0.0000	0.0000	0.0000	GAA	GAA	GAA	GAA	E	E	E	E	223.0000	223.0000	223.0000	223.0000
204	610	0	0	0	0	0	0.0000	0.0000	0.0000	0.0000	0.0000	0.1149	0.0000	0.0000	0.0000	0.0000	0.0000	0.0000	0.0000	ATC	ATC	ATC	ATC	I	I	I	I	197.0000	197.0000	197.0000	197.0000
205	613	0	0	0	0	0	0.0000	0.0000	0.0000	0.0000	0.0000	0.1149	0.0000	0.0000	0.0000	0.0000	0.0000	0.0000	0.0000	AAA	AAA	AAA	AAA	K	K	K	K	236.0000	236.0000	236.0000	236.0000
206	616	0	0	0	0	0	0.0000	0.0000	0.0000	0.0000	0.0000	0.1149	0.0000	0.0000	0.0000	0.0000	0.0000	0.0000	0.0000	GGG	GGG	GGG	GGG	G	G	G	G	104.0000	104.0000	104.0000	104.0000
207	619	0	0	0	0	0	0.0000	0.0000	0.0000	0.0000	0.0000	0.1149	0.0000	0.0000	0.0000	0.0000	0.0000	0.0000	0.0000	CAT	CAT	CAT	CAT	H	H	H	H	224.0000	224.0000	224.0000	224.0000
208	622	0	0	0	0	0	0.0000	0.0000	0.0000	0.0000	0.0000	0.1149	0.0000	2.0000	0.0000	0.0000	0.0000	0.0000	0.0000	TAC	TAC	TAC	TAC	Y	Y	Y	Y	263.0000	263.0000	263.0000	263.0000
209	625	0	0	0	0	0	0.0000	0.0000	0.0000	0.0000	0.0000	0.1149	0.0000	0.0000	1.0000	0.0000	0.0000	0.0000	0.0000	TTG	TTG	TTG	TTG	L	L	L	L	201.0000	201.0000	201.0000	201.0000
210	628	0	0	0	0	0	0.0000	0.0000	0.0000	0.0000	0.0000	0.1149	0.0000	0.0000	0.0000	0.0000	0.0000	0.0000	0.0000	AAT	AAT	AAT	AAT	N	N	N	N	195.0000	195.0000	195.0000	195.0000
211	631	0	0	0	0	0	0.0000	0.0000	0.0000	0.0000	0.0000	0.1149	0.0000	0.0000	0.0000	0.0000	0.0000	0.0000	0.0000	GCT	GCT	GCT	GCT	A	A	A	A	129.0000	129.0000	129.0000	129.0000
212	634	0	0	0	0	0	0.0000	0.0000	0.0000	0.0000	0.0000	0.1149	0.0000	0.0000	0.0000	0.0000	0.0000	0.0000	0.0000	ACT	ACT	ACT	ACT	T	T	T	T	172.0000	172.0000	172.0000	172.0000
213	637	0	0	0	0	0	0.0000	0.0000	0.0000	0.0000	0.0000	0.1149	0.0000	1.0000	0.0000	0.0000	0.0000	0.0000	0.0000	GCG	GCG	GCG	GCG	A	A	A	A	129.0000	129.0000	129.0000	129.0000
214	640	0	0	0	0	0	0.0000	0.0000	0.0000	0.0000	0.0000	0.1216	0.0000	0.0000	0.0000	0.0000	0.0000	0.0000	0.0000	GGT	GGT	GGT	GGT	G	G	G	G	104.0000	104.0000	104.0000	104.0000
215	643	0	0	0	0	0	0.0000	0.0000	0.0000	0.0000	0.0000	0.1216	0.0000	0.0000	0.0000	0.0000	0.0000	0.0000	0.0000	ACA	ACA	ACA	ACA	T	T	T	T	172.0000	172.0000	172.0000	172.0000
216	646	0	0	0	0	0	0.0000	0.0000	0.0000	0.0000	0.0000	0.1216	0.0000	0.0000	0.0000	0.0000	0.0000	0.0000	0.0000	TGC	TGC	TGC	TGC	C	C	C	C	167.0000	167.0000	167.0000	167.0000
217	649	0	0	0	0	0	0.0000	0.0000	0.0000	0.0000	0.0000	0.1149	0.0000	0.0000	0.0000	0.0000	0.0000	0.0000	0.0000	GAA	GAA	GAA	GAA	E	E	E	E	223.0000	223.0000	223.0000	223.0000
218	652	0	0	0	0	0	0.0005	0.0005	0.0005	0.0005	0.0000	0.1149	0.0000	20.6357	18.8606	0.0000	0.0000	0.0015	0.3575	GAA	GAA	GAA	GAA	E	E	E	E	223.0000	223.0000	223.0000	223.0000
219	655	0	0	0	0	0	0.0000	0.0000	0.0000	0.0000	0.0000	0.1149	0.0000	0.0000	0.0000	0.0000	0.0000	0.0000	0.0000	ATG	ATG	ATG	ATG	M	M	M	M	224.0000	224.0000	224.0000	224.0000
220	658	0	0	0	0	0	0.9975	0.9975	0.9975	0.9975	0.0000	0.1149	0.0000	0.0003	6.0025	0.0000	0.0000	1.0000	0.9975	ATC	ATC	ATG	ATG	I	I	M	M	197.0000	197.0000	224.0000	224.0000
221	661	0	0	0	0	0	0.0000	0.0000	0.0000	0.0000	0.0000	0.1149	0.0000	0.0000	0.0000	0.0000	0.0000	0.0000	0.0000	AAA	AAA	AAA	AAA	K	K	K	K	236.0000	236.0000	236.0000	236.0000
222	664	0	0	0	0	0	0.0000	0.0000	0.0000	0.0000	0.0000	0.1149	0.0000	0.0000	0.0000	0.0000	0.0000	0.0000	0.0000	AGG	AGG	AGG	AGG	R	R	R	R	274.0000	274.0000	274.0000	274.0000
223	667	0	0	0	0	0	0.0000	0.0000	0.0000	0.0000	0.0000	0.1149	0.0000	0.0000	0.0000	0.0000	0.0000	0.0000	0.0000	GCT	GCT	GCT	GCT	A	A	A	A	129.0000	129.0000	129.0000	129.0000
224	670	0	0	0	0	0	0.0000	0.0000	0.0000	0.0000	0.0000	0.1149	0.0000	0.0000	12.0610	0.0000	0.0000	0.0000	0.0000	GTA	GTA	GTA	GTA	V	V	V	V	174.0000	174.0000	174.0000	174.0000
225	673	0	0	0	0	0	0.0000	0.0000	0.0000	0.0000	0.0000	0.1149	0.0000	1.0000	0.0000	0.0000	0.0000	0.0000	0.0000	TTT	TTT	TTT	TTT	F	F	F	F	240.0000	240.0000	240.0000	240.0000
226	676	0	0	0	0	0	0.0000	0.0000	0.0000	0.0000	0.0000	0.1149	0.0000	0.0000	0.0000	0.0000	0.0000	0.0000	0.0000	GCC	GCC	GCC	GCC	A	A	A	A	129.0000	129.0000	129.0000	129.0000
227	679	0	0	0	0	0	0.0000	0.0000	0.0000	0.0000	0.0000	0.1149	0.0000	0.0000	0.0000	0.0000	0.0000	0.0000	0.0000	AGA	AGA	AGA	AGA	R	R	R	R	274.0000	274.0000	274.0000	274.0000
228	682	0	0	0	0	0	0.0000	0.0000	0.0000	0.0000	0.0000	0.1149	0.0000	0.0000	0.0000	0.0000	0.0000	0.0000	0.0000	GAA	GAA	GAA	GAA	E	E	E	E	223.0000	223.0000	223.0000	223.0000
229	685	0	0	0	0	0	0.0000	0.0000	0.0000	0.0000	0.0000	0.1149	0.0000	0.0000	0.0000	0.0000	0.0000	0.0000	0.0000	TTG	TTG	TTG	TTG	L	L	L	L	201.0000	201.0000	201.0000	201.0000
230	688	0	0	0	0	0	0.0000	0.0000	0.0000	0.0000	0.0000	0.1149	0.0000	0.0000	0.0000	0.0000	0.0000	0.0000	0.0000	GGA	GGA	GGA	GGA	G	G	G	G	104.0000	104.0000	104.0000	104.0000
231	691	0	0	0	0	0	0.0000	0.0000	0.0000	0.0000	0.0000	0.1149	0.0000	8.0045	7.0045	0.0000	0.0000	0.0000	0.0000	GTT	GTT	GTT	GTT	V	V	V	V	174.0000	174.0000	174.0000	174.0000
232	694	0	0	0	0	0	0.0000	0.0000	0.0000	0.0000	0.0000	0.1149	0.0000	0.0000	0.0000	0.0000	0.0000	0.0000	0.0000	CCT	CCT	CCT	CCT	P	P	P	P	159.0000	159.0000	159.0000	159.0000
233	697	0	0	0	0	0	0.0000	0.0000	0.0000	0.0000	0.0000	0.1149	0.0000	0.0000	0.0000	0.0000	0.0000	0.0000	0.0000	ATC	ATC	ATC	ATC	I	I	I	I	197.0000	197.0000	197.0000	197.0000
234	700	0	0	0	0	0	0.0000	0.0000	0.0000	0.0000	0.0000	0.1149	0.0000	0.0000	0.0000	0.0000	0.0000	0.0000	0.0000	GTA	GTA	GTA	GTA	V	V	V	V	174.0000	174.0000	174.0000	174.0000
235	703	0	0	0	0	0	0.0000	0.0000	0.0000	0.0000	0.0000	0.1149	0.0000	0.0000	0.0000	0.0000	0.0000	0.0000	0.0000	ATG	ATG	ATG	ATG	M	M	M	M	224.0000	224.0000	224.0000	224.0000
236	706	0	0	0	0	0	0.0000	0.0000	0.0000	0.0000	0.0000	0.1149	0.0000	0.0000	0.0000	0.0000	0.0000	0.0000	0.0000	CAT	CAT	CAT	CAT	H	H	H	H	224.0000	224.0000	224.0000	224.0000
237	709	0	0	0	0	0	0.0000	0.0000	0.0000	0.0000	0.0000	0.1149	0.0000	1.0027	0.0000	0.0000	0.0000	0.0000	0.0000	GAC	GAC	GAC	GAC	D	D	D	D	193.0000	193.0000	193.0000	193.0000
238	712	0	0	0	0	0	0.0000	0.0000	0.0000	0.0000	0.0000	0.1149	0.0000	0.0000	0.0000	0.0000	0.0000	0.0000	0.0000	TAC	TAC	TAC	TAC	Y	Y	Y	Y	263.0000	263.0000	263.0000	263.0000
239	715	0	0	0	0	0	0.0000	0.0000	0.0000	0.0000	0.0000	0.1149	0.0000	0.0000	0.0000	0.0000	0.0000	0.0000	0.0000	TTA	TTA	TTA	TTA	L	L	L	L	201.0000	201.0000	201.0000	201.0000
240	718	0	0	0	0	0	0.0000	0.0000	0.0000	0.0000	0.0000	0.1149	0.0000	0.0000	0.0000	0.0000	0.0000	0.0000	0.0000	ACA	ACA	ACA	ACA	T	T	T	T	172.0000	172.0000	172.0000	172.0000
241	721	0	0	0	0	0	0.0000	0.0000	0.0000	0.0000	0.0000	0.1149	0.0000	0.0000	0.0000	0.0000	0.0000	0.0000	0.0000	GGG	GGG	GGG	GGG	G	G	G	G	104.0000	104.0000	104.0000	104.0000
242	724	0	0	0	0	0	0.0000	0.0000	0.0000	0.0000	0.0000	0.1149	0.0000	0.0000	0.0000	0.0000	0.0000	0.0000	0.0000	GGA	GGA	GGA	GGA	G	G	G	G	104.0000	104.0000	104.0000	104.0000
243	727	0	0	0	0	0	0.0000	0.0000	0.0000	0.0000	0.0000	0.1149	0.0000	0.0000	0.0000	0.0000	0.0000	0.0000	0.0000	TTC	TTC	TTC	TTC	F	F	F	F	240.0000	240.0000	240.0000	240.0000
244	730	0	0	0	0	0	0.0000	0.0000	0.0000	0.0000	0.0000	0.1149	0.0000	0.0000	0.0000	0.0000	0.0000	0.0000	0.0000	ACT	ACT	ACT	ACT	T	T	T	T	172.0000	172.0000	172.0000	172.0000
245	733	0	0	0	0	0	0.0000	0.0000	0.0000	0.0000	0.0000	0.1149	0.0000	0.0000	0.0000	0.0000	0.0000	0.0000	0.0000	GCA	GCA	GCA	GCA	A	A	A	A	129.0000	129.0000	129.0000	129.0000
246	736	0	0	0	0	0	0.0000	0.0000	0.0000	0.0000	0.0000	0.1149	0.0000	0.0000	0.0000	0.0000	0.0000	0.0000	0.0000	AAT	AAT	AAT	AAT	N	N	N	N	195.0000	195.0000	195.0000	195.0000
247	739	0	0	0	0	0	0.0000	0.0000	0.0000	0.0000	0.0000	0.1149	0.0000	0.0000	0.0000	0.0000	0.0000	0.0000	0.0000	ACT	ACT	ACT	ACT	T	T	T	T	172.0000	172.0000	172.0000	172.0000
248	742	0	0	0	0	0	0.0046	0.0046	0.0046	0.0046	0.0000	0.1149	0.0000	0.0001	10.9080	0.0000	0.0000	0.9986	0.0046	AGC	ACC	ACC	ACC	S	T	T	T	155.0000	172.0000	172.0000	172.0000
249	745	0	0	0	0	0	0.0000	0.0000	0.0000	0.0000	0.0000	0.1149	0.0000	0.0000	0.0000	0.0000	0.0000	0.0000	0.0000	TTG	TTG	TTG	TTG	L	L	L	L	201.0000	201.0000	201.0000	201.0000
250	748	0	0	0	0	0	0.0000	0.0000	0.0000	0.0000	0.0000	0.1149	0.0000	4.0002	2.0001	0.0000	0.0000	0.0000	0.0000	GCT	GCT	GCT	GCT	A	A	A	A	129.0000	129.0000	129.0000	129.0000
251	751	0	0	0	0	0	0.0000	0.0000	0.0000	0.0000	0.0000	0.1149	0.0000	0.0000	0.0000	0.0000	0.0000	0.0000	0.0000	CAT	CAT	CAT	CAT	H	H	H	H	224.0000	224.0000	224.0000	224.0000
252	754	0	0	0	0	0	0.0000	0.0000	0.0000	0.0000	0.0000	0.1149	0.0000	0.0000	0.0000	0.0000	0.0000	0.0000	0.0000	TAT	TAT	TAT	TAT	Y	Y	Y	Y	263.0000	263.0000	263.0000	263.0000
253	757	0	0	0	0	0	0.0000	0.0000	0.0000	0.0000	0.0000	0.1149	0.0000	1.0000	0.0000	0.0000	0.0000	0.0000	0.0000	TGC	TGC	TGC	TGC	C	C	C	C	167.0000	167.0000	167.0000	167.0000
254	760	0	0	0	0	0	0.0000	0.0000	0.0000	0.0000	0.0000	0.1149	0.0000	0.0000	0.0000	0.0000	0.0000	0.0000	0.0000	CGA	CGA	CGA	CGA	R	R	R	R	274.0000	274.0000	274.0000	274.0000
255	763	0	0	0	0	0	0.0000	0.0000	0.0000	0.0000	0.0000	0.1149	0.0000	0.0000	0.0000	0.0000	0.0000	0.0000	0.0000	GAT	GAT	GAT	GAT	D	D	D	D	193.0000	193.0000	193.0000	193.0000
256	766	0	0	0	0	0	0.0000	0.0000	0.0000	0.0000	0.0000	0.1149	0.0000	1.0143	0.0000	0.0000	0.9857	0.0000	0.0000	AAT	AAC	AAT	AAT	N	N	N	N	195.0000	195.0000	195.0000	195.0000
257	769	0	0	0	0	0	0.0000	0.0000	0.0000	0.0000	0.0000	0.1149	0.0000	0.0000	0.0000	0.0000	0.0000	0.0000	0.0000	GGC	GGC	GGC	GGC	G	G	G	G	104.0000	104.0000	104.0000	104.0000
258	772	0	0	0	0	0	0.0000	0.0000	0.0000	0.0000	0.0000	0.1216	0.0000	0.0000	0.0000	0.0000	0.0000	0.0000	0.0000	CTA	CTA	CTA	CTA	L	L	L	L	201.0000	201.0000	201.0000	201.0000
259	775	0	0	0	0	0	0.0000	0.0000	0.0000	0.0000	0.0000	0.1216	0.0000	0.0000	0.0000	0.0000	0.0000	0.0000	0.0000	CTT	CTT	CTT	CTT	L	L	L	L	201.0000	201.0000	201.0000	201.0000
260	778	0	0	0	0	0	0.0000	0.0000	0.0000	0.0000	0.0000	0.1216	0.0000	0.0000	0.0000	0.0000	0.0000	0.0000	0.0000	CTT	CTT	CTT	CTT	L	L	L	L	201.0000	201.0000	201.0000	201.0000
261	781	0	0	0	0	0	0.0000	0.0000	0.0000	0.0000	0.0000	0.1216	0.0000	0.0000	0.0000	0.0000	0.0000	0.0000	0.0000	CAC	CAC	CAC	CAC	H	H	H	H	224.0000	224.0000	224.0000	224.0000
262	784	0	0	0	0	0	0.0000	0.0000	0.0000	0.0000	0.0000	0.1216	0.0000	0.0000	0.0000	0.0000	0.0000	0.0000	0.0000	ATC	ATC	ATC	ATC	I	I	I	I	197.0000	197.0000	197.0000	197.0000
263	787	0	0	0	0	0	0.0000	0.0000	0.0000	0.0000	0.0000	0.1216	0.0000	0.0000	0.0000	0.0000	0.0000	0.0000	0.0000	CAC	CAC	CAC	CAC	H	H	H	H	224.0000	224.0000	224.0000	224.0000
264	790	0	0	0	0	0	0.0000	0.0000	0.0000	0.0000	0.0000	0.1284	0.0000	0.0000	0.0000	0.0000	0.0000	0.0000	0.0000	CGC	CGC	CGC	CGC	R	R	R	R	274.0000	274.0000	274.0000	274.0000
265	793	0	0	0	0	0	0.0000	0.0000	0.0000	0.0000	0.0000	0.1284	0.0000	0.0000	0.0000	0.0000	0.0000	0.0000	0.0000	GCA	GCA	GCA	GCA	A	A	A	A	129.0000	129.0000	129.0000	129.0000
266	796	0	0	0	0	0	0.0000	0.0000	0.0000	0.0000	0.0000	0.1284	0.0000	0.0000	0.0000	0.0000	0.0000	0.0000	0.0000	ATG	ATG	ATG	ATG	M	M	M	M	224.0000	224.0000	224.0000	224.0000
267	799	0	0	0	0	0	0.0000	0.0000	0.0000	0.0000	0.0000	0.1351	0.0000	0.0000	0.0000	0.0000	0.0000	0.0000	0.0000	CAT	CAT	CAT	CAT	H	H	H	H	224.0000	224.0000	224.0000	224.0000
268	802	0	0	0	0	0	0.0000	0.0000	0.0000	0.0000	0.0000	0.1351	0.0000	0.0000	0.0000	0.0000	0.0000	0.0000	0.0000	GCA	GCA	GCA	GCA	A	A	A	A	129.0000	129.0000	129.0000	129.0000
269	805	0	0	0	0	0	0.0000	0.0000	0.0000	0.0000	0.0000	0.1351	0.0000	0.0000	0.0000	0.0000	0.0000	0.0000	0.0000	GTT	GTT	GTT	GTT	V	V	V	V	174.0000	174.0000	174.0000	174.0000
270	808	0	0	0	0	0	0.0000	0.0000	0.0000	0.0000	0.0000	0.1351	0.0000	0.0000	0.0000	0.0000	0.0000	0.0000	0.0000	ATT	ATT	ATT	ATT	I	I	I	I	197.0000	197.0000	197.0000	197.0000
271	811	0	0	0	0	0	0.0000	0.0000	0.0000	0.0000	0.0000	0.1554	0.0000	0.0000	0.0000	0.0000	0.0000	0.0000	0.0000	GAT	GAT	GAT	GAT	D	D	D	D	193.0000	193.0000	193.0000	193.0000
272	814	0	0	0	0	0	0.0000	0.0000	0.0000	0.0000	0.0000	0.1689	0.0000	0.0000	0.0000	0.0000	0.0000	0.0000	0.0000	AGA	AGA	AGA	AGA	R	R	R	R	274.0000	274.0000	274.0000	274.0000
273	817	0	0	0	0	0	0.0000	0.0000	0.0000	0.0000	0.0000	0.1689	0.0000	1.0000	0.0000	0.0000	0.0000	0.0000	0.0000	CAG	CAG	CAG	CAG	Q	Q	Q	Q	225.0000	225.0000	225.0000	225.0000
274	820	0	0	0	0	0	0.0000	0.0000	0.0000	0.0000	0.0000	0.1689	0.0000	0.0000	0.0000	0.0000	0.0000	0.0000	0.0000	AAG	AAG	AAG	AAG	K	K	K	K	236.0000	236.0000	236.0000	236.0000
275	823	0	0	0	0	0	0.0000	0.0000	0.0000	0.0000	0.0000	0.1689	0.0000	0.0000	0.0000	0.0000	0.0000	0.0000	0.0000	AAT	AAT	AAT	AAT	N	N	N	N	195.0000	195.0000	195.0000	195.0000
276	826	0	0	0	0	0	0.0000	0.0000	0.0000	0.0000	0.0000	0.1689	0.0000	0.0000	0.0000	0.0000	0.0000	0.0000	0.0000	CAT	CAT	CAT	CAT	H	H	H	H	224.0000	224.0000	224.0000	224.0000
277	829	0	0	0	0	0	0.0000	0.0000	0.0000	0.0000	0.0000	0.1689	0.0000	0.0000	0.0000	0.0000	0.0000	0.0000	0.0000	GGT	GGT	GGT	GGT	G	G	G	G	104.0000	104.0000	104.0000	104.0000
278	832	0	0	0	0	0	0.0000	0.0000	0.0000	0.0000	0.0000	0.1689	0.0000	0.0000	4.0000	0.0000	0.0000	1.0000	0.0000	ATA	ATG	ATG	ATG	I	M	M	M	197.0000	224.0000	224.0000	224.0000
279	835	0	0	0	0	0	0.0000	0.0000	0.0000	0.0000	0.0000	0.1689	0.0000	0.0000	0.0000	0.0000	0.0000	0.0000	0.0000	CAC	CAC	CAC	CAC	H	H	H	H	224.0000	224.0000	224.0000	224.0000
280	838	0	0	0	0	0	0.0000	0.0000	0.0000	0.0000	0.0000	0.1689	0.0000	0.0000	0.0000	0.0000	0.0000	0.0000	0.0000	TTT	TTT	TTT	TTT	F	F	F	F	240.0000	240.0000	240.0000	240.0000
281	841	0	0	0	0	0	0.0000	0.0000	0.0000	0.0000	0.0000	0.1689	0.0000	0.0000	0.0000	0.0000	0.0000	0.0000	0.0000	CGT	CGT	CGT	CGT	R	R	R	R	274.0000	274.0000	274.0000	274.0000
282	844	0	0	0	0	0	0.0000	0.0000	0.0000	0.0000	0.0000	0.1689	0.0000	0.0000	0.0000	0.0000	0.0000	0.0000	0.0000	GTA	GTA	GTA	GTA	V	V	V	V	174.0000	174.0000	174.0000	174.0000
283	847	0	0	0	0	0	0.0000	0.0000	0.0000	0.0000	0.0000	0.1689	0.0000	0.0000	0.0000	0.0000	0.0000	0.0000	0.0000	CTA	CTA	CTA	CTA	L	L	L	L	201.0000	201.0000	201.0000	201.0000
284	850	0	0	0	0	0	0.0000	0.0000	0.0000	0.0000	0.0000	0.1689	0.0000	0.0000	0.0000	0.0000	0.0000	0.0000	0.0000	GCT	GCT	GCT	GCT	A	A	A	A	129.0000	129.0000	129.0000	129.0000
285	853	0	0	0	0	0	0.0000	0.0000	0.0000	0.0000	0.0000	0.1689	0.0000	0.0000	0.0000	0.0000	0.0000	0.0000	0.0000	AAA	AAA	AAA	AAA	K	K	K	K	236.0000	236.0000	236.0000	236.0000
286	856	0	0	0	0	0	0.0000	0.0000	0.0000	0.0000	0.0000	0.1689	0.0000	7.0598	6.1163	0.0000	0.0000	0.0000	0.0000	GCG	GCG	GCG	GCG	A	A	A	A	129.0000	129.0000	129.0000	129.0000
287	859	0	0	0	0	0	0.0000	0.0000	0.0000	0.0000	0.0000	0.1689	0.0000	0.0000	0.0000	0.0000	0.0000	0.0000	0.0000	TTA	TTA	TTA	TTA	L	L	L	L	201.0000	201.0000	201.0000	201.0000
288	862	0	0	0	0	0	0.0000	0.0000	0.0000	0.0000	0.0000	0.1689	0.0000	0.0000	0.0000	0.0000	0.0000	0.0000	0.0000	CGT	CGT	CGT	CGT	R	R	R	R	274.0000	274.0000	274.0000	274.0000
289	865	0	0	0	0	0	0.0000	0.0000	0.0000	0.0000	0.0000	0.1689	0.0000	0.0000	0.0000	0.0000	0.0000	0.0000	0.0000	ATG	ATG	ATG	ATG	M	M	M	M	224.0000	224.0000	224.0000	224.0000
290	868	0	0	0	0	0	0.0000	0.0000	0.0000	0.0000	0.0000	0.1689	0.0000	0.0000	0.0000	0.0000	0.0000	0.0000	0.0000	TCT	TCT	TCT	TCT	S	S	S	S	155.0000	155.0000	155.0000	155.0000
291	871	0	0	0	0	0	0.0000	0.0000	0.0000	0.0000	0.0000	0.1689	0.0000	0.0000	0.0000	0.0000	0.0000	0.0000	0.0000	GGT	GGT	GGT	GGT	G	G	G	G	104.0000	104.0000	104.0000	104.0000
292	874	0	0	0	0	0	0.0000	0.0000	0.0000	0.0000	0.0000	0.1689	0.0000	0.0000	0.0000	0.0000	0.0000	0.0000	0.0000	GGA	GGA	GGA	GGA	G	G	G	G	104.0000	104.0000	104.0000	104.0000
293	877	0	0	0	0	0	0.0000	0.0000	0.0000	0.0000	0.0000	0.1689	0.0000	0.0000	0.0000	0.0000	0.0000	0.0000	0.0000	GAT	GAT	GAT	GAT	D	D	D	D	193.0000	193.0000	193.0000	193.0000
294	880	0	0	0	0	0	0.0000	0.0000	0.0000	0.0000	0.0000	0.1689	0.0000	0.0000	0.0000	0.0000	0.0000	0.0000	0.0000	CAT	CAT	CAT	CAT	H	H	H	H	224.0000	224.0000	224.0000	224.0000
295	883	0	0	0	0	0	0.0000	0.0000	0.0000	0.0000	0.0000	0.1689	0.0000	0.0000	0.0000	0.0000	0.0000	0.0000	0.0000	ATT	ATT	ATT	ATT	I	I	I	I	197.0000	197.0000	197.0000	197.0000
296	886	0	0	0	0	0	0.0000	0.0000	0.0000	0.0000	0.0000	0.1689	0.0000	0.0000	0.0000	0.0000	0.0000	0.0000	0.0000	CAC	CAC	CAC	CAC	H	H	H	H	224.0000	224.0000	224.0000	224.0000
297	889	0	0	0	0	0	0.0000	0.0000	0.0000	0.0000	0.0000	0.1689	0.0000	0.0000	6.0000	0.0000	0.0000	1.0000	0.0000	TCC	GCC	GCC	GCC	S	A	A	A	155.0000	129.0000	129.0000	129.0000
298	892	0	0	0	0	0	0.0000	0.0000	0.0000	0.0000	0.0000	0.1689	0.0000	0.0000	0.0000	0.0000	0.0000	0.0000	0.0000	GGT	GGT	GGT	GGT	G	G	G	G	104.0000	104.0000	104.0000	104.0000
299	895	0	0	0	0	0	0.0000	0.0000	0.0000	0.0000	0.0000	0.1689	0.0000	0.0000	0.0000	0.0000	0.0000	0.0000	0.0000	ACC	ACC	ACC	ACC	T	T	T	T	172.0000	172.0000	172.0000	172.0000
300	898	0	0	0	0	0	0.0000	0.0000	0.0000	0.0000	0.0000	0.1689	0.0000	0.0000	0.0000	0.0000	0.0000	0.0000	0.0000	GTA	GTA	GTA	GTA	V	V	V	V	174.0000	174.0000	174.0000	174.0000
301	901	0	0	0	0	0	0.0000	0.0000	0.0000	0.0000	0.0000	0.1689	0.0000	0.0000	0.0000	0.0000	0.0000	0.0000	0.0000	GTA	GTA	GTA	GTA	V	V	V	V	174.0000	174.0000	174.0000	174.0000
302	904	0	0	0	0	0	0.0000	0.0000	0.0000	0.0000	0.0000	0.1689	0.0000	0.0000	0.0000	0.0000	0.0000	0.0000	0.0000	GGT	GGT	GGT	GGT	G	G	G	G	104.0000	104.0000	104.0000	104.0000
303	907	0	0	0	0	0	0.0000	0.0000	0.0000	0.0000	0.0000	0.1689	0.0000	0.0000	0.0000	0.0000	0.0000	0.0000	0.0000	AAA	AAA	AAA	AAA	K	K	K	K	236.0000	236.0000	236.0000	236.0000
304	910	0	0	0	0	0	0.0000	0.0000	0.0000	0.0000	0.0000	0.1689	0.0000	1.0000	0.0000	0.0000	0.0000	0.0000	0.0000	CTT	CTT	CTT	CTT	L	L	L	L	201.0000	201.0000	201.0000	201.0000
305	913	0	0	0	0	0	0.0000	0.0000	0.0000	0.0000	0.0000	0.1689	0.0000	0.0000	0.0000	0.0000	0.0000	0.0000	0.0000	GAA	GAA	GAA	GAA	E	E	E	E	223.0000	223.0000	223.0000	223.0000
306	916	0	0	0	0	0	0.0000	0.0000	0.0000	0.0000	0.0000	0.1689	0.0000	0.0000	0.0000	0.0000	0.0000	0.0000	0.0000	GGG	GGG	GGG	GGG	G	G	G	G	104.0000	104.0000	104.0000	104.0000
307	919	0	0	0	0	0	0.0000	0.0000	0.0000	0.0000	0.0000	0.1689	0.0000	0.0000	0.0000	0.0000	0.0000	0.0000	0.0000	GAA	GAA	GAA	GAA	E	E	E	E	223.0000	223.0000	223.0000	223.0000
308	922	0	0	0	0	0	0.0000	0.0000	0.0000	0.0000	0.0000	0.1689	0.0000	0.0000	0.0000	0.0000	0.0000	0.0000	0.0000	AGA	AGA	AGA	AGA	R	R	R	R	274.0000	274.0000	274.0000	274.0000
309	925	0	0	0	0	0	0.0000	0.0000	0.0000	0.0000	0.0000	0.1689	0.0000	8.1776	7.1255	0.0000	0.0000	0.0000	0.0000	GAG	GAG	GAG	GAG	E	E	E	E	223.0000	223.0000	223.0000	223.0000
310	928	0	0	0	0	0	0.0000	0.0000	0.0000	0.0000	0.0000	0.1689	0.0000	1.0000	0.0000	0.0000	0.0000	0.0000	0.0000	ATC	ATC	ATC	ATC	I	I	I	I	197.0000	197.0000	197.0000	197.0000
311	931	0	0	0	0	0	0.0000	0.0000	0.0000	0.0000	0.0000	0.1689	0.0000	0.0000	0.0000	0.0000	0.0000	0.0000	0.0000	ACT	ACT	ACT	ACT	T	T	T	T	172.0000	172.0000	172.0000	172.0000
312	934	0	0	0	0	0	0.0000	0.0000	0.0000	0.0000	0.0000	0.1689	0.0000	0.0000	0.0000	0.0000	0.0000	0.0000	0.0000	TTG	TTG	TTG	TTG	L	L	L	L	201.0000	201.0000	201.0000	201.0000
313	937	0	0	0	0	0	0.0000	0.0000	0.0000	0.0000	0.0000	0.1689	0.0000	0.0000	0.0000	0.0000	0.0000	0.0000	0.0000	GGC	GGC	GGC	GGC	G	G	G	G	104.0000	104.0000	104.0000	104.0000
314	940	0	0	0	0	0	0.0000	0.0000	0.0000	0.0000	0.0000	0.1689	0.0000	0.0000	0.0000	0.0000	0.0000	0.0000	0.0000	TTT	TTT	TTT	TTT	F	F	F	F	240.0000	240.0000	240.0000	240.0000
315	943	0	0	0	0	0	0.0000	0.0000	0.0000	0.0000	0.0000	0.1689	0.0000	0.0000	0.0000	0.0000	0.0000	0.0000	0.0000	GTT	GTT	GTT	GTT	V	V	V	V	174.0000	174.0000	174.0000	174.0000
316	946	0	0	0	0	0	0.0000	0.0000	0.0000	0.0000	0.0000	0.1689	0.0000	0.0000	0.0000	0.0000	0.0000	0.0000	0.0000	GAT	GAT	GAT	GAT	D	D	D	D	193.0000	193.0000	193.0000	193.0000
317	949	0	0	0	0	0	0.0000	0.0000	0.0000	0.0000	0.0000	0.1689	0.0000	0.0000	0.0000	0.0000	0.0000	0.0000	0.0000	TTA	TTA	TTA	TTA	L	L	L	L	201.0000	201.0000	201.0000	201.0000
318	952	0	0	0	0	0	0.0000	0.0000	0.0000	0.0000	0.0000	0.1689	0.0000	0.0000	0.0000	0.0000	0.0000	0.0000	0.0000	CTG	CTG	CTG	CTG	L	L	L	L	201.0000	201.0000	201.0000	201.0000
319	955	0	0	0	0	0	0.0000	0.0000	0.0000	0.0000	0.0000	0.1689	0.0000	0.0000	0.0000	0.0000	0.0000	0.0000	0.0000	CGC	CGC	CGC	CGC	R	R	R	R	274.0000	274.0000	274.0000	274.0000
320	958	0	0	0	0	0	0.0000	0.0000	0.0000	0.0000	0.0000	0.1689	0.0000	0.0000	0.0000	0.0000	0.0000	0.0000	0.0000	GAT	GAT	GAT	GAT	D	D	D	D	193.0000	193.0000	193.0000	193.0000
321	961	0	0	0	0	0	0.0000	0.0000	0.0000	0.0000	0.0000	0.1689	0.0000	0.0000	0.0000	0.0000	0.0000	0.0000	0.0000	GAT	GAT	GAT	GAT	D	D	D	D	193.0000	193.0000	193.0000	193.0000
322	964	0	0	0	0	0	0.0000	0.0000	0.0000	0.0000	0.0000	0.1689	0.0000	0.0000	0.0000	0.0000	0.0000	0.0000	0.0000	TTT	TTT	TTT	TTT	F	F	F	F	240.0000	240.0000	240.0000	240.0000
323	967	0	0	0	0	0	0.0000	0.0000	0.0000	0.0000	0.0000	0.1689	0.0000	0.0000	0.0000	0.0000	0.0000	0.0000	0.0000	ATT	ATT	ATT	ATT	I	I	I	I	197.0000	197.0000	197.0000	197.0000
324	970	0	0	0	0	0	0.0000	0.0000	0.0000	0.0000	0.0000	0.1689	0.0000	0.0000	0.0000	0.0000	0.0000	0.0000	0.0000	GAA	GAA	GAA	GAA	E	E	E	E	223.0000	223.0000	223.0000	223.0000
325	973	0	0	0	0	0	0.0000	0.0000	0.0000	0.0000	0.0000	0.1689	0.0000	0.0000	0.0000	0.0000	0.0000	0.0000	0.0000	AAA	AAA	AAA	AAA	K	K	K	K	236.0000	236.0000	236.0000	236.0000
326	976	0	0	0	0	0	0.0000	0.0000	0.0000	0.0000	0.0000	0.1689	0.0000	0.0000	0.0000	0.0000	0.0000	0.0000	0.0000	GAT	GAT	GAT	GAT	D	D	D	D	193.0000	193.0000	193.0000	193.0000
327	979	0	0	0	0	0	0.0000	0.0000	0.0000	0.0000	0.0000	0.1757	0.0000	0.0000	0.0000	0.0000	0.0000	0.0000	0.0000	CGA	CGA	CGA	CGA	R	R	R	R	274.0000	274.0000	274.0000	274.0000
328	982	0	0	0	0	0	0.0000	0.0000	0.0000	0.0000	0.0000	0.1757	0.0000	0.0000	0.0000	0.0000	0.0000	0.0000	0.0000	AGT	AGT	AGT	AGT	S	S	S	S	155.0000	155.0000	155.0000	155.0000
329	985	0	0	0	0	0	0.0000	0.0000	0.0000	0.0000	0.0000	0.1757	0.0000	0.0000	0.0000	0.0000	0.0000	0.0000	0.0000	CGC	CGC	CGC	CGC	R	R	R	R	274.0000	274.0000	274.0000	274.0000
330	988	0	0	0	0	0	0.0000	0.0000	0.0000	0.0000	0.0000	0.1757	0.0000	0.0000	0.0000	0.0000	0.0000	0.0000	0.0000	GGT	GGT	GGT	GGT	G	G	G	G	104.0000	104.0000	104.0000	104.0000
331	991	0	0	0	0	0	0.0000	0.0000	0.0000	0.0000	0.0000	0.1757	0.0000	0.0000	0.0000	0.0000	0.0000	0.0000	0.0000	ATT	ATT	ATT	ATT	I	I	I	I	197.0000	197.0000	197.0000	197.0000
332	994	0	0	0	0	0	0.0000	0.0000	0.0000	0.0000	0.0000	0.1757	0.0000	0.0000	0.0000	0.0000	0.0000	0.0000	0.0000	TAT	TAT	TAT	TAT	Y	Y	Y	Y	263.0000	263.0000	263.0000	263.0000
333	997	0	0	0	0	0	0.0000	0.0000	0.0000	0.0000	0.0000	0.1757	0.0000	0.0000	0.0000	0.0000	0.0000	0.0000	0.0000	TTC	TTC	TTC	TTC	F	F	F	F	240.0000	240.0000	240.0000	240.0000
334	1000	0	0	0	0	0	0.0000	0.0000	0.0000	0.0000	0.0000	0.1757	0.0000	0.0000	0.0000	0.0000	0.0000	0.0000	0.0000	ACT	ACT	ACT	ACT	T	T	T	T	172.0000	172.0000	172.0000	172.0000
335	1003	0	0	0	0	0	0.0000	0.0000	0.0000	0.0000	0.0000	0.1757	0.0000	0.0000	0.0000	0.0000	0.0000	0.0000	0.0000	CAA	CAA	CAA	CAA	Q	Q	Q	Q	225.0000	225.0000	225.0000	225.0000
336	1006	0	0	0	0	0	0.0000	0.0000	0.0000	0.0000	0.0000	0.1757	0.0000	0.0000	0.0000	0.0000	0.0000	0.0000	0.0000	GAT	GAT	GAT	GAT	D	D	D	D	193.0000	193.0000	193.0000	193.0000
337	1009	0	0	0	0	0	0.0000	0.0000	0.0000	0.0000	0.0000	0.1757	0.0000	0.0000	0.0000	0.0000	0.0000	0.0000	0.0000	TGG	TGG	TGG	TGG	W	W	W	W	285.0000	285.0000	285.0000	285.0000
338	1012	0	0	0	0	0	0.0000	0.0000	0.0000	0.0000	0.0000	0.1757	0.0000	0.0000	0.0000	0.0000	0.0000	0.0000	0.0000	GTC	GTC	GTC	GTC	V	V	V	V	174.0000	174.0000	174.0000	174.0000
339	1015	0	0	0	0	0	0.0000	0.0000	0.0000	0.0000	0.0000	0.1757	0.0000	0.0000	0.0000	0.0000	0.0000	0.0000	0.0000	TCT	TCT	TCT	TCT	S	S	S	S	155.0000	155.0000	155.0000	155.0000
340	1018	0	0	0	0	0	0.0000	0.0000	0.0000	0.0000	0.0000	0.1757	0.0000	0.0000	0.0000	0.0000	0.0000	0.0000	0.0000	CTA	CTA	CTA	CTA	L	L	L	L	201.0000	201.0000	201.0000	201.0000
341	1021	0	0	0	0	0	0.0000	0.0000	0.0000	0.0000	0.0000	0.1757	0.0000	0.0000	0.0000	0.0000	0.0000	0.0000	0.0000	CCA	CCA	CCA	CCA	P	P	P	P	159.0000	159.0000	159.0000	159.0000
342	1024	0	0	0	0	0	0.0000	0.0000	0.0000	0.0000	0.0000	0.1757	0.0000	0.0000	0.0000	0.0000	0.0000	0.0000	0.0000	GGT	GGT	GGT	GGT	G	G	G	G	104.0000	104.0000	104.0000	104.0000
343	1027	0	0	0	0	0	0.0000	0.0000	0.0000	0.0000	0.0000	0.1757	0.0000	0.0000	0.0000	0.0000	0.0000	0.0000	0.0000	GTT	GTT	GTT	GTT	V	V	V	V	174.0000	174.0000	174.0000	174.0000
344	1030	0	0	0	0	0	0.0000	0.0000	0.0000	0.0000	0.0000	0.1757	0.0000	1.0000	0.0000	0.0000	0.0000	0.0000	0.0000	CTG	CTG	CTG	CTG	L	L	L	L	201.0000	201.0000	201.0000	201.0000
345	1033	0	0	0	0	0	0.0000	0.0000	0.0000	0.0000	0.0000	0.1757	0.0000	1.0000	0.0000	0.0000	0.0000	0.0000	0.0000	CCC	CCC	CCC	CCC	P	P	P	P	159.0000	159.0000	159.0000	159.0000
346	1036	0	0	0	0	0	0.0000	0.0000	0.0000	0.0000	0.0000	0.1824	0.0000	0.0000	0.0000	0.0000	0.0000	0.0000	0.0000	GTG	GTG	GTG	GTG	V	V	V	V	174.0000	174.0000	174.0000	174.0000
347	1039	0	0	0	0	0	0.0000	0.0000	0.0000	0.0000	0.0000	0.1824	0.0000	0.0001	1.0000	0.0000	0.0000	0.0000	0.0000	GCT	GCT	GCT	GCT	A	A	A	A	129.0000	129.0000	129.0000	129.0000
348	1042	0	0	0	0	0	0.0000	0.0000	0.0000	0.0000	0.0000	0.1824	0.0000	0.0000	0.0000	0.0000	0.0000	0.0000	0.0000	TCG	TCG	TCG	TCG	S	S	S	S	155.0000	155.0000	155.0000	155.0000
349	1045	0	0	0	0	0	0.0000	0.0000	0.0000	0.0000	0.0000	0.1824	0.0000	0.0000	0.0000	0.0000	0.0000	0.0000	0.0000	GGG	GGG	GGG	GGG	G	G	G	G	104.0000	104.0000	104.0000	104.0000
350	1048	0	0	0	0	0	0.0000	0.0000	0.0000	0.0000	0.0000	0.1824	0.0000	0.0000	0.0000	0.0000	0.0000	0.0000	0.0000	GGT	GGT	GGT	GGT	G	G	G	G	104.0000	104.0000	104.0000	104.0000
351	1051	0	0	0	0	0	0.0000	0.0000	0.0000	0.0000	0.0000	0.1824	0.0000	0.0000	0.0000	0.0000	0.0000	0.0000	0.0000	ATT	ATT	ATT	ATT	I	I	I	I	197.0000	197.0000	197.0000	197.0000
352	1054	0	0	0	0	0	0.0000	0.0000	0.0000	0.0000	0.0000	0.1824	0.0000	0.0000	0.0000	0.0000	0.0000	0.0000	0.0000	CAC	CAC	CAC	CAC	H	H	H	H	224.0000	224.0000	224.0000	224.0000
353	1057	0	0	0	0	0	0.0000	0.0000	0.0000	0.0000	0.0000	0.1824	0.0000	0.0000	0.0000	0.0000	0.0000	0.0000	0.0000	GTT	GTT	GTT	GTT	V	V	V	V	174.0000	174.0000	174.0000	174.0000
354	1060	0	0	0	0	0	0.0000	0.0000	0.0000	0.0000	0.0000	0.1824	0.0000	0.0000	0.0000	0.0000	0.0000	0.0000	0.0000	TGG	TGG	TGG	TGG	W	W	W	W	285.0000	285.0000	285.0000	285.0000
355	1063	0	0	0	0	0	0.0000	0.0000	0.0000	0.0000	0.0000	0.1824	0.0000	0.0000	0.0000	0.0000	0.0000	0.0000	0.0000	CAT	CAT	CAT	CAT	H	H	H	H	224.0000	224.0000	224.0000	224.0000
356	1066	0	0	0	0	0	0.0000	0.0000	0.0000	0.0000	0.0000	0.1824	0.0000	0.0000	0.0000	0.0000	0.0000	0.0000	0.0000	ATG	ATG	ATG	ATG	M	M	M	M	224.0000	224.0000	224.0000	224.0000
357	1069	0	0	0	0	0	0.0000	0.0000	0.0000	0.0000	0.0000	0.1824	0.0000	0.0000	0.0000	0.0000	0.0000	0.0000	0.0000	CCC	CCC	CCC	CCC	P	P	P	P	159.0000	159.0000	159.0000	159.0000
358	1072	0	0	0	0	0	0.0000	0.0000	0.0000	0.0000	0.0000	0.1824	0.0000	0.0000	0.0000	0.0000	0.0000	0.0000	0.0000	GCT	GCT	GCT	GCT	A	A	A	A	129.0000	129.0000	129.0000	129.0000
359	1075	0	0	0	0	0	0.0000	0.0000	0.0000	0.0000	0.0000	0.1824	0.0000	1.0010	0.0000	0.0000	0.0009	0.0000	0.0000	CTG	CTG	CTG	CTG	L	L	L	L	201.0000	201.0000	201.0000	201.0000
360	1078	0	0	0	0	0	0.0000	0.0000	0.0000	0.0000	0.0000	0.1824	0.0000	0.0000	0.0000	0.0000	0.0000	0.0000	0.0000	ACC	ACC	ACC	ACC	T	T	T	T	172.0000	172.0000	172.0000	172.0000
361	1081	0	0	0	0	0	0.0000	0.0000	0.0000	0.0000	0.0000	0.1824	0.0000	0.0000	0.0000	0.0000	0.0000	0.0000	0.0000	GAG	GAG	GAG	GAG	E	E	E	E	223.0000	223.0000	223.0000	223.0000
362	1084	0	0	0	0	0	0.0000	0.0000	0.0000	0.0000	0.0000	0.1824	0.0000	0.0000	0.0000	0.0000	0.0000	0.0000	0.0000	ATC	ATC	ATC	ATC	I	I	I	I	197.0000	197.0000	197.0000	197.0000
363	1087	0	0	0	0	0	0.0000	0.0000	0.0000	0.0000	0.0000	0.1824	0.0000	0.0000	0.0000	0.0000	0.0000	0.0000	0.0000	TTT	TTT	TTT	TTT	F	F	F	F	240.0000	240.0000	240.0000	240.0000
364	1090	0	0	0	0	0	0.0000	0.0000	0.0000	0.0000	0.0000	0.1824	0.0000	0.0000	0.0000	0.0000	0.0000	0.0000	0.0000	GGG	GGG	GGG	GGG	G	G	G	G	104.0000	104.0000	104.0000	104.0000
365	1093	0	0	0	0	0	0.0000	0.0000	0.0000	0.0000	0.0000	0.1824	0.0000	0.0000	0.0000	0.0000	0.0000	0.0000	0.0000	GAT	GAT	GAT	GAT	D	D	D	D	193.0000	193.0000	193.0000	193.0000
366	1096	0	0	0	0	0	0.0000	0.0000	0.0000	0.0000	0.0000	0.1824	0.0000	0.0000	0.0000	0.0000	0.0000	0.0000	0.0000	GAT	GAT	GAT	GAT	D	D	D	D	193.0000	193.0000	193.0000	193.0000
367	1099	0	0	0	0	0	0.0000	0.0000	0.0000	0.0000	0.0000	0.1824	0.0000	0.0000	0.0000	0.0000	0.0000	0.0000	0.0000	TCC	TCC	TCC	TCC	S	S	S	S	155.0000	155.0000	155.0000	155.0000
368	1102	0	0	0	0	0	0.0000	0.0000	0.0000	0.0000	0.0000	0.1824	0.0000	0.0000	0.0000	0.0000	0.0000	0.0000	0.0000	GTA	GTA	GTA	GTA	V	V	V	V	174.0000	174.0000	174.0000	174.0000
369	1105	0	0	0	0	0	0.0000	0.0000	0.0000	0.0000	0.0000	0.1824	0.0000	0.0000	0.0000	0.0000	0.0000	0.0000	0.0000	CTA	CTA	CTA	CTA	L	L	L	L	201.0000	201.0000	201.0000	201.0000
370	1108	0	0	0	0	0	0.0000	0.0000	0.0000	0.0000	0.0000	0.1824	0.0000	0.0000	0.0000	0.0000	0.0000	0.0000	0.0000	CAG	CAG	CAG	CAG	Q	Q	Q	Q	225.0000	225.0000	225.0000	225.0000
371	1111	0	0	0	0	0	0.0000	0.0000	0.0000	0.0000	0.0000	0.1824	0.0000	1.0000	0.0000	0.0000	0.0000	0.0000	0.0000	TTC	TTC	TTC	TTC	F	F	F	F	240.0000	240.0000	240.0000	240.0000
372	1114	0	0	0	0	0	0.0000	0.0000	0.0000	0.0000	0.0000	0.1824	0.0000	0.0000	0.0000	0.0000	0.0000	0.0000	0.0000	GGT	GGT	GGT	GGT	G	G	G	G	104.0000	104.0000	104.0000	104.0000
373	1117	0	0	0	0	0	0.0000	0.0000	0.0000	0.0000	0.0000	0.1824	0.0000	0.0000	0.0000	0.0000	0.0000	0.0000	0.0000	GGA	GGA	GGA	GGA	G	G	G	G	104.0000	104.0000	104.0000	104.0000
374	1120	0	0	0	0	0	0.0000	0.0000	0.0000	0.0000	0.0000	0.1824	0.0000	0.0000	0.0000	0.0000	0.0000	0.0000	0.0000	GGA	GGA	GGA	GGA	G	G	G	G	104.0000	104.0000	104.0000	104.0000
375	1123	0	0	0	0	0	0.0000	0.0000	0.0000	0.0000	0.0000	0.1824	0.0000	0.0000	0.0000	0.0000	0.0000	0.0000	0.0000	ACT	ACT	ACT	ACT	T	T	T	T	172.0000	172.0000	172.0000	172.0000
376	1126	0	0	0	0	0	0.0000	0.0000	0.0000	0.0000	0.0000	0.1824	0.0000	0.0000	1.0000	0.0000	0.0000	0.0000	0.0000	TTA	TTA	TTA	TTA	L	L	L	L	201.0000	201.0000	201.0000	201.0000
377	1129	0	0	0	0	0	0.0000	0.0000	0.0000	0.0000	0.0000	0.1824	0.0000	0.0000	0.0000	0.0000	0.0000	0.0000	0.0000	GGA	GGA	GGA	GGA	G	G	G	G	104.0000	104.0000	104.0000	104.0000
378	1132	0	0	0	0	0	0.0000	0.0000	0.0000	0.0000	0.0000	0.1824	0.0000	0.0000	0.0000	0.0000	0.0000	0.0000	0.0000	CAC	CAC	CAC	CAC	H	H	H	H	224.0000	224.0000	224.0000	224.0000
379	1135	0	0	0	0	0	0.0000	0.0000	0.0000	0.0000	0.0000	0.1824	0.0000	1.0000	0.0000	0.0000	0.0000	0.0000	0.0000	CCT	CCT	CCT	CCT	P	P	P	P	159.0000	159.0000	159.0000	159.0000
380	1138	0	0	0	0	0	0.0000	0.0000	0.0000	0.0000	0.0000	0.1824	0.0000	0.0000	0.0000	0.0000	0.0000	0.0000	0.0000	TGG	TGG	TGG	TGG	W	W	W	W	285.0000	285.0000	285.0000	285.0000
381	1141	0	0	0	0	0	0.0000	0.0000	0.0000	0.0000	0.0000	0.1824	0.0000	0.0000	0.0000	0.0000	0.0000	0.0000	0.0000	GGA	GGA	GGA	GGA	G	G	G	G	104.0000	104.0000	104.0000	104.0000
382	1144	0	0	0	0	0	0.0000	0.0000	0.0000	0.0000	0.0000	0.1824	0.0000	0.0000	0.0000	0.0000	0.0000	0.0000	0.0000	AAT	AAT	AAT	AAT	N	N	N	N	195.0000	195.0000	195.0000	195.0000
383	1147	0	0	0	0	0	0.0000	0.0000	0.0000	0.0000	0.0000	0.1824	0.0000	0.0000	0.0000	0.0000	0.0000	0.0000	0.0000	GCA	GCA	GCA	GCA	A	A	A	A	129.0000	129.0000	129.0000	129.0000
384	1150	0	0	0	0	0	0.0000	0.0000	0.0000	0.0000	0.0000	0.1824	0.0000	0.0000	0.0000	0.0000	0.0000	0.0000	0.0000	CCC	CCC	CCC	CCC	P	P	P	P	159.0000	159.0000	159.0000	159.0000
385	1153	0	0	0	0	0	0.0000	0.0000	0.0000	0.0000	0.0000	0.1824	0.0000	0.0000	0.0000	0.0000	0.0000	0.0000	0.0000	GGT	GGT	GGT	GGT	G	G	G	G	104.0000	104.0000	104.0000	104.0000
386	1156	0	0	0	0	0	0.0000	0.0000	0.0000	0.0000	0.0000	0.1824	0.0000	0.0000	1.3319	0.0000	0.0000	0.0000	0.0000	GCC	GCC	GCC	GCC	A	A	A	A	129.0000	129.0000	129.0000	129.0000
387	1159	0	0	0	0	0	0.0000	0.0000	0.0000	0.0000	0.0000	0.1824	0.0000	0.0000	0.0000	0.0000	0.0000	0.0000	0.0000	GTA	GTA	GTA	GTA	V	V	V	V	174.0000	174.0000	174.0000	174.0000
388	1162	0	0	0	0	0	0.0000	0.0000	0.0000	0.0000	0.0000	0.1824	0.0000	0.0000	0.0000	0.0000	0.0000	0.0000	0.0000	GCT	GCT	GCT	GCT	A	A	A	A	129.0000	129.0000	129.0000	129.0000
389	1165	0	0	0	0	0	0.0000	0.0000	0.0000	0.0000	0.0000	0.1824	0.0000	0.0000	0.0000	0.0000	0.0000	0.0000	0.0000	AAT	AAT	AAT	AAT	N	N	N	N	195.0000	195.0000	195.0000	195.0000
390	1168	0	0	0	0	0	0.0000	0.0000	0.0000	0.0000	0.0000	0.1824	0.0000	0.0000	0.0000	0.0000	0.0000	0.0000	0.0000	CGA	CGA	CGA	CGA	R	R	R	R	274.0000	274.0000	274.0000	274.0000
391	1171	0	0	0	0	0	0.0000	0.0000	0.0000	0.0000	0.0000	0.1824	0.0000	1.0055	0.0000	0.0000	0.0000	0.0000	0.0000	GTA	GTA	GTA	GTA	V	V	V	V	174.0000	174.0000	174.0000	174.0000
392	1174	0	0	0	0	0	0.0000	0.0000	0.0000	0.0000	0.0000	0.1824	0.0000	0.0000	0.0000	0.0000	0.0000	0.0000	0.0000	GCT	GCT	GCT	GCT	A	A	A	A	129.0000	129.0000	129.0000	129.0000
393	1177	0	0	0	0	0	0.0000	0.0000	0.0000	0.0000	0.0000	0.1824	0.0000	0.0000	0.0000	0.0000	0.0000	0.0000	0.0000	CTA	CTA	CTA	CTA	L	L	L	L	201.0000	201.0000	201.0000	201.0000
394	1180	0	0	0	0	0	0.0000	0.0000	0.0000	0.0000	0.0000	0.1824	0.0000	0.0000	0.0000	0.0000	0.0000	0.0000	0.0000	GAA	GAA	GAA	GAA	E	E	E	E	223.0000	223.0000	223.0000	223.0000
395	1183	0	0	0	0	0	0.0000	0.0000	0.0000	0.0000	0.0000	0.1824	0.0000	0.0000	0.0000	0.0000	0.0000	0.0000	0.0000	GCA	GCA	GCA	GCA	A	A	A	A	129.0000	129.0000	129.0000	129.0000
396	1186	0	0	0	0	0	0.0000	0.0000	0.0000	0.0000	0.0000	0.1824	0.0000	0.0000	0.0000	0.0000	0.0000	0.0000	0.0000	TGT	TGT	TGT	TGT	C	C	C	C	167.0000	167.0000	167.0000	167.0000
397	1189	0	0	0	0	0	0.0000	0.0000	0.0000	0.0000	0.0000	0.1824	0.0000	0.0000	0.0000	0.0000	0.0000	0.0000	0.0000	GTA	GTA	GTA	GTA	V	V	V	V	174.0000	174.0000	174.0000	174.0000
398	1192	0	0	0	0	0	0.0000	0.0000	0.0000	0.0000	0.0000	0.1824	0.0000	0.0000	3.0040	0.0000	0.0000	0.0000	0.0000	CAA	CAA	CAA	CAA	Q	Q	Q	Q	225.0000	225.0000	225.0000	225.0000
399	1195	0	0	0	0	0	0.0000	0.0000	0.0000	0.0000	0.0000	0.1824	0.0000	0.0000	0.0000	0.0000	0.0000	0.0000	0.0000	GCT	GCT	GCT	GCT	A	A	A	A	129.0000	129.0000	129.0000	129.0000
400	1198	0	0	0	0	0	0.0000	0.0000	0.0000	0.0000	0.0000	0.1824	0.0000	0.0000	0.0000	0.0000	0.0000	0.0000	0.0000	CGT	CGT	CGT	CGT	R	R	R	R	274.0000	274.0000	274.0000	274.0000
401	1201	0	0	0	0	0	0.0000	0.0000	0.0000	0.0000	0.0000	0.1824	0.0000	0.0000	0.0000	0.0000	0.0000	0.0000	0.0000	AAT	AAT	AAT	AAT	N	N	N	N	195.0000	195.0000	195.0000	195.0000
402	1204	0	0	0	0	0	0.0000	0.0000	0.0000	0.0000	0.0000	0.1824	0.0000	0.0000	0.0000	0.0000	0.0000	0.0000	0.0000	GAG	GAG	GAG	GAG	E	E	E	E	223.0000	223.0000	223.0000	223.0000
403	1207	0	0	0	0	0	0.0000	0.0000	0.0000	0.0000	0.0000	0.1824	0.0000	0.0000	0.0000	0.0000	0.0000	0.0000	0.0000	GGA	GGA	GGA	GGA	G	G	G	G	104.0000	104.0000	104.0000	104.0000
404	1210	0	0	0	0	0	0.0000	0.0000	0.0000	0.0000	0.0000	0.1824	0.0000	2.0001	0.0000	0.0000	0.0000	0.0000	0.0000	CGT	CGT	CGT	CGT	R	R	R	R	274.0000	274.0000	274.0000	274.0000
405	1213	0	0	0	0	0	0.0000	0.0000	0.0000	0.0000	0.0000	0.1824	0.0000	0.0000	0.0000	0.0000	0.0000	0.0000	0.0000	GAT	GAT	GAT	GAT	D	D	D	D	193.0000	193.0000	193.0000	193.0000
406	1216	0	0	0	0	0	0.0000	0.0000	0.0000	0.0000	0.0000	0.1824	0.0000	0.0000	0.0000	0.0000	0.0000	0.0000	0.0000	CTT	CTT	CTT	CTT	L	L	L	L	201.0000	201.0000	201.0000	201.0000
407	1219	0	0	0	0	0	0.0000	0.0000	0.0000	0.0000	0.0000	0.1824	0.0000	0.0000	0.0000	0.0000	0.0000	0.0000	0.0000	GCT	GCT	GCT	GCT	A	A	A	A	129.0000	129.0000	129.0000	129.0000
408	1222	0	0	0	0	0	0.0000	0.0000	0.0000	0.0000	0.0000	0.1824	0.0000	0.0000	0.0000	0.0000	0.0000	0.0000	0.0000	CGT	CGT	CGT	CGT	R	R	R	R	274.0000	274.0000	274.0000	274.0000
409	1225	0	0	0	0	0	0.0000	0.0000	0.0000	0.0000	0.0000	0.1824	0.0000	0.0000	0.0000	0.0000	0.0000	0.0000	0.0000	GAG	GAG	GAG	GAG	E	E	E	E	223.0000	223.0000	223.0000	223.0000
410	1228	0	0	0	0	0	0.0000	0.0000	0.0000	0.0000	0.0000	0.1824	0.0000	0.0000	0.0000	0.0000	0.0000	0.0000	0.0000	GGT	GGT	GGT	GGT	G	G	G	G	104.0000	104.0000	104.0000	104.0000
411	1231	0	0	0	0	0	0.0000	0.0000	0.0000	0.0000	0.0000	0.1824	0.0000	0.0000	0.0000	0.0000	0.0000	0.0000	0.0000	AAT	AAT	AAT	AAT	N	N	N	N	195.0000	195.0000	195.0000	195.0000
412	1234	0	0	0	0	0	0.0000	0.0000	0.0000	0.0000	0.0000	0.1824	0.0000	0.0000	0.0000	0.0000	0.0000	0.0000	0.0000	GAA	GAA	GAA	GAA	E	E	E	E	223.0000	223.0000	223.0000	223.0000
413	1237	0	0	0	0	0	0.0000	0.0000	0.0000	0.0000	0.0000	0.1824	0.0000	0.0000	2.0000	0.0000	0.0000	0.0000	0.0000	ATT	ATT	ATT	ATT	I	I	I	I	197.0000	197.0000	197.0000	197.0000
414	1240	0	0	0	0	0	0.0000	0.0000	0.0000	0.0000	0.0000	0.1824	0.0000	0.0000	0.0000	0.0000	0.0000	0.0000	0.0000	ATC	ATC	ATC	ATC	I	I	I	I	197.0000	197.0000	197.0000	197.0000
415	1243	0	0	0	0	0	0.0000	0.0000	0.0000	0.0000	0.0000	0.1824	0.0000	0.0000	0.0000	0.0000	0.0000	0.0000	0.0000	CGT	CGT	CGT	CGT	R	R	R	R	274.0000	274.0000	274.0000	274.0000
416	1246	0	0	0	0	0	0.0000	0.0000	0.0000	0.0000	0.0000	0.1824	0.0000	0.0000	0.0000	0.0000	0.0000	0.0000	0.0000	GAG	GAG	GAG	GAG	E	E	E	E	223.0000	223.0000	223.0000	223.0000
417	1249	0	0	0	0	0	0.0000	0.0000	0.0000	0.0000	0.0000	0.1824	0.0000	1.0001	0.0000	0.0000	0.0000	0.0000	0.0000	GCT	GCT	GCT	GCT	A	A	A	A	129.0000	129.0000	129.0000	129.0000
418	1252	0	0	0	0	0	0.0000	0.0000	0.0000	0.0000	0.0000	0.1824	0.0000	18.1649	15.0343	0.0000	0.0002	0.0000	0.0013	TGC	TGC	TGC	TGC	C	C	C	C	167.0000	167.0000	167.0000	167.0000
419	1255	0	0	0	0	0	0.0000	0.0000	0.0000	0.0000	0.0000	0.1824	0.0000	0.0000	0.0000	0.0000	0.0000	0.0000	0.0000	AAA	AAA	AAA	AAA	K	K	K	K	236.0000	236.0000	236.0000	236.0000
420	1258	0	0	0	0	0	0.0000	0.0000	0.0000	0.0000	0.0000	0.1824	0.0000	0.0000	0.0000	0.0000	0.0000	0.0000	0.0000	TGG	TGG	TGG	TGG	W	W	W	W	285.0000	285.0000	285.0000	285.0000
421	1261	0	0	0	0	0	0.0000	0.0000	0.0000	0.0000	0.0000	0.1824	0.0000	0.0000	0.0000	0.0000	0.0000	0.0000	0.0000	AGT	AGT	AGT	AGT	S	S	S	S	155.0000	155.0000	155.0000	155.0000
422	1264	0	0	0	0	0	0.0000	0.0000	0.0000	0.0000	0.0000	0.1824	0.0000	0.0000	0.0000	0.0000	0.0000	0.0000	0.0000	CCT	CCT	CCT	CCT	P	P	P	P	159.0000	159.0000	159.0000	159.0000
423	1267	0	0	0	0	0	0.0000	0.0000	0.0000	0.0000	0.0000	0.1824	0.0000	0.0000	0.0000	0.0000	0.0000	0.0000	0.0000	GAA	GAA	GAA	GAA	E	E	E	E	223.0000	223.0000	223.0000	223.0000
424	1270	0	0	0	0	0	0.0000	0.0000	0.0000	0.0000	0.0000	0.1824	0.0000	0.0000	0.0000	0.0000	0.0000	0.0000	0.0000	CTA	CTA	CTA	CTA	L	L	L	L	201.0000	201.0000	201.0000	201.0000
425	1273	0	0	0	0	0	0.0000	0.0000	0.0000	0.0000	0.0000	0.1824	0.0000	0.0000	0.0000	0.0000	0.0000	0.0000	0.0000	GCT	GCT	GCT	GCT	A	A	A	A	129.0000	129.0000	129.0000	129.0000
426	1276	0	0	0	0	0	0.0000	0.0000	0.0000	0.0000	0.0000	0.1824	0.0000	0.0000	0.0000	0.0000	0.0000	0.0000	0.0000	GCT	GCT	GCT	GCT	A	A	A	A	129.0000	129.0000	129.0000	129.0000
427	1279	0	0	0	0	0	0.0000	0.0000	0.0000	0.0000	0.0000	0.1824	0.0000	0.0000	0.0000	0.0000	0.0000	0.0000	0.0000	GCT	GCT	GCT	GCT	A	A	A	A	129.0000	129.0000	129.0000	129.0000
428	1282	0	0	0	0	0	0.0000	0.0000	0.0000	0.0000	0.0000	0.1824	0.0000	0.0000	2.0009	0.0000	0.0000	0.0000	0.0000	TGT	TGT	TGT	TGT	C	C	C	C	167.0000	167.0000	167.0000	167.0000
429	1285	0	0	0	0	0	0.0000	0.0000	0.0000	0.0000	0.0000	0.1824	0.0000	0.0000	0.0000	0.0000	0.0000	0.0000	0.0000	GAG	GAG	GAG	GAG	E	E	E	E	223.0000	223.0000	223.0000	223.0000
430	1288	0	0	0	0	0	0.0000	0.0000	0.0000	0.0000	0.0000	0.1824	0.0000	0.0001	3.0056	0.0000	0.0000	0.0000	0.0000	GTA	GTA	GTA	GTA	V	V	V	V	174.0000	174.0000	174.0000	174.0000
431	1291	0	0	0	0	0	0.0000	0.0000	0.0000	0.0000	0.0000	0.1824	0.0000	0.0000	0.0000	0.0000	0.0000	0.0000	0.0000	TGG	TGG	TGG	TGG	W	W	W	W	285.0000	285.0000	285.0000	285.0000
432	1294	0	0	0	0	0	0.0000	0.0000	0.0000	0.0000	0.0000	0.1824	0.0000	0.0000	0.0000	0.0000	0.0000	0.0000	0.0000	AAG	AAG	AAG	AAG	K	K	K	K	236.0000	236.0000	236.0000	236.0000
433	1297	0	0	0	0	0	0.0000	0.0000	0.0000	0.0000	0.0000	0.1824	0.0000	0.0000	0.0000	0.0000	0.0000	0.0000	0.0000	GAA	GAA	GAA	GAA	E	E	E	E	223.0000	223.0000	223.0000	223.0000
434	1300	0	0	0	0	0	0.0000	0.0000	0.0000	0.0000	0.0000	0.1892	0.0000	0.0000	0.0000	0.0000	0.0000	0.0000	0.0000	ATC	ATC	ATC	ATC	I	I	I	I	197.0000	197.0000	197.0000	197.0000
435	1303	0	0	0	0	0	0.0000	0.0000	0.0000	0.0000	0.0000	0.1892	0.0000	0.0000	0.0000	0.0000	0.0000	0.0000	0.0000	AAA	AAA	AAA	AAA	K	K	K	K	236.0000	236.0000	236.0000	236.0000
436	1306	0	0	0	0	0	0.0000	0.0000	0.0000	0.0000	0.0000	0.1892	0.0000	0.0000	0.0000	0.0000	0.0000	0.0000	0.0000	TTT	TTT	TTT	TTT	F	F	F	F	240.0000	240.0000	240.0000	240.0000
437	1309	0	0	0	0	0	0.0000	0.0000	0.0000	0.0000	0.0000	0.1959	0.0000	0.0000	0.0000	0.0000	0.0000	0.0000	0.0000	GAA	GAA	GAA	GAA	E	E	E	E	223.0000	223.0000	223.0000	223.0000
438	1312	0	0	0	0	0	0.0000	0.0000	0.0000	0.0000	0.0000	0.1959	0.0000	0.0000	0.0000	0.0000	0.0000	0.0000	0.0000	TTT	TTT	TTT	TTT	F	F	F	F	240.0000	240.0000	240.0000	240.0000
439	1315	0	0	0	0	0	0.0000	0.0000	0.0000	0.0000	0.0000	0.1959	0.0000	0.0008	1.0005	0.0000	0.0003	0.0000	0.0004	GAA	GAA	GAA	GAA	E	E	E	E	223.0000	223.0000	223.0000	223.0000
440	1318	0	0	0	0	0	0.0000	0.0000	0.0000	0.0000	0.0000	0.2095	0.0000	0.0000	0.0000	0.0000	0.0000	0.0000	0.0000	GCA	GCA	GCA	GCA	A	A	A	A	129.0000	129.0000	129.0000	129.0000
441	1321	0	0	0	0	0	0.0000	0.0000	0.0000	0.0000	0.0000	0.2162	0.0000	0.0000	5.0004	0.0000	0.0000	0.0000	0.0002	ATG	ATG	ATG	ATG	M	M	M	M	224.0000	224.0000	224.0000	224.0000
442	1324	0	0	0	0	0	0.0000	0.0000	0.0000	0.0000	0.0000	0.2230	0.0000	0.0000	0.0000	0.0000	0.0000	0.0000	0.0000	GAT	GAT	GAT	GAT	D	D	D	D	193.0000	193.0000	193.0000	193.0000
443	1327	0	0	0	0	0	0.0000	0.0000	0.0000	0.0000	0.0000	0.3041	0.0000	5.0609	0.0001	0.0000	0.0003	0.0000	0.0000	ACT	ACT	ACT	ACT	T	T	T	T	172.0000	172.0000	172.0000	172.0000
444	1330	0	0	0	0	0	0.0000	0.0000	0.0000	0.0000	0.0000	0.3108	0.0000	0.0004	6.0370	0.0000	0.0002	0.0000	0.0000	TTG	TTG	TTG	TTG	L	L	L	L	201.0000	201.0000	201.0000	201.0000
