-6.945189783968639397e-01	4.949924292178916121e-03	8.035876440444786328e-02	3.731842478011074965e-02	1.778413562773223378e-02	9.098502547962554086e-04	0.000000000000000000e+00	3.059260530466873310e-02	7.446465625332784888e-02	7.552460785487446560e-04	3.869762025156588733e-03	7.431161955586649236e-03	2.513528686774920144e-04	4.790018576526589109e-04	5.470348904639878510e-03	5.068625314103472612e-03	5.540921802945169422e-02	2.053390430746856142e-03	1.101673954955204168e-03	1.490179259013299333e-02	8.931803231617328059e-03	1.306980533668677025e-04	1.003683557201360044e-06	4.934181807462170201e-03	3.983102002234664013e-02	3.320497987407561909e-03	4.154835648422291818e-06	3.882747082315992498e-02	6.164897455452320735e-03	5.044310185465560780e-06	5.305588034549403436e-07	1.118531884240633054e-03	1.122688309211611196e-01	3.954731653070611436e-04	2.818846588558538129e-03	2.705125145820800811e-02	2.130641110688413428e-02	8.596276620308085522e-05	3.993643692519033697e-06	9.854373810265501868e-03	1.942727718357398214e-02	2.533896118960079593e-05	2.289641345593122047e-05	1.826077007268674763e-03	2.047087260345959239e-02	3.997786476432435454e-06	1.853519184527765313e-06	5.121949722169898307e-03	5.741299683390615419e-04	7.125214727264911861e-03	1.409137818805963980e-04	1.653682587046859760e-04	9.075521395744757714e-07	4.398484727950274092e-03	4.348153010490381324e-05	8.404084400689204939e-04	8.152012947311095166e-04	8.710359473865177116e-03	9.032775398092840967e-05	9.158829014076067844e-05	4.397416360471515830e-03
1.527850647664673496e-02	-5.718877170518872344e-01	6.454552621109525476e-03	3.171323030223535677e-01	3.034468322599661629e-03	1.369091974723787679e-02	0.000000000000000000e+00	1.031406502224763849e-02	3.506704637505016903e-03	9.326836226133589092e-03	1.243694801682476963e-03	3.369569545324342316e-03	7.847562582140618531e-06	3.651629669909764366e-03	4.354147807121432241e-03	5.812528261988963909e-04	6.503492928099594179e-03	3.153580591150967338e-02	3.802976299842823760e-03	7.638796402242732826e-03	6.354136999991105792e-04	5.611052816853588296e-03	2.335840918561936364e-04	1.914229799695067380e-05	2.161561531659523963e-04	9.671491838412734146e-03	2.455992950552162056e-05	6.976259801808404131e-05	2.067192680279432209e-04	4.422421827556087949e-04	5.292854623266485346e-04	6.058821473349674454e-06	9.621731636824526826e-03	2.030360629064330985e-02	6.597493730790652232e-03	1.662295576034091005e-02	9.558132183111069493e-04	8.845849974986412165e-03	5.675696817038306191e-04	6.056335803001634246e-05	7.629840456655398104e-03	9.830472583402213513e-03	5.810785468119940116e-03	2.212802119417509289e-04	6.827439705137440821e-05	4.463683955333566026e-04	1.304378112137622456e-04	7.499380425055192848e-06	6.522021246689744395e-03	7.105751928439752374e-04	1.768460298451244802e-05	8.843852399906714651e-03	1.435150358998211638e-03	4.372802574775119279e-05	3.278463042121873387e-03	8.882411172872337534e-04	7.634397518960140446e-06	4.037707848688850044e-05	2.163497341597240414e-03	1.120152654292571421e-03	2.758246698706739627e-06
4.772823582809631038e-01	1.242012398304408703e-02	-7.727033705577875944e-01	9.434962227194108875e-03	2.990861755743917140e-03	6.338791563450785899e-03	0.000000000000000000e+00	1.013789407787204014e-02	1.533540949678089890e-02	2.098981391097119731e-03	1.515559403241166503e-02	2.234207507281335634e-03	2.119109295048740595e-05	2.422163824502943531e-03	9.885447231778870733e-03	9.481250587554521840e-04	7.949728246999909764e-03	8.178541640717282291e-03	8.821035075961856237e-03	5.377747797986470735e-03	1.028335004569696305e-04	3.201680496762531001e-03	1.374613175830193728e-03	4.407638868086193387e-03	4.485149225255776395e-04	3.048751106819938897e-02	1.443270592085198114e-03	1.230346780159751255e-02	9.653533905844117086e-06	5.268867904407892214e-05	2.016608535463361180e-03	7.226888813151209016e-04	1.535403545325554966e-02	3.173752483935413614e-03	2.768161585785011702e-02	8.412306414444606709e-03	1.010829859451977774e-04	5.844655362929032996e-03	6.289839675496595485e-03	1.224309472916497443e-02	4.789058203892119370e-05	1.559669261849881260e-03	1.471064905976928079e-02	8.112608481502060548e-04	1.514639460411523784e-05	1.162983014089632620e-04	2.995258191017834571e-03	1.833865441025869097e-03	1.883336683436112819e-03	1.111438684947450937e-03	4.178562501744500485e-07	1.990287546177924374e-03	1.519718795951893568e-03	2.018299921150187252e-03	3.505320571061221560e-04	1.733806852557440072e-03	9.411115138984232009e-05	8.814714317560164718e-07	6.569551406528197687e-04	6.159649301467479132e-03	3.891797116175251827e-04
7.659069378954667939e-02	2.108680758316172910e-01	3.260248727721524412e-03	-9.260654119500675296e-01	1.452096341272636655e-02	6.869330782836317786e-04	0.000000000000000000e+00	7.167544657596071345e-02	1.199620665169597034e-02	1.454770206995361368e-03	9.411307213511128315e-04	2.855337801642581982e-02	9.652046269802485050e-05	2.986166663411515018e-04	4.150595320778566015e-03	5.477069535843393303e-03	3.032056054850232676e-02	2.698950655937505574e-03	7.985113365025330989e-04	4.459667112051132060e-02	8.234219903279960031e-04	2.024691483495126743e-06	6.621863468852875898e-06	1.571584661618263129e-02	1.296858959334798466e-04	7.618956233464736034e-07	3.694610017315326520e-07	1.496723633592135679e-02	2.782037576871246635e-04	0.000000000000000000e+00	2.122235213819761374e-06	4.762233678052844171e-03	4.849950498964859108e-02	1.242481060150030063e-03	2.647678055758370674e-03	1.578548187067246589e-01	1.951995041232915725e-03	7.033317234797525681e-07	3.124487627487402002e-05	2.930920191917630105e-02	2.475782549120163212e-02	9.930253040423363519e-06	3.854901859259217585e-03	4.954855542025217441e-02	2.556387669442655090e-04	0.000000000000000000e+00	6.031140144473764677e-06	8.099203750916810635e-03	5.717233875020946493e-04	1.140724401048005300e-02	8.211035378033687895e-05	7.347415578777237986e-06	8.048544094448498534e-05	2.287146015026228496e-02	1.360057127933738123e-06	1.233450356143893974e-03	2.949220186621642412e-03	3.861811646210052199e-03	1.416078864944508090e-06	1.437177686798742646e-03	7.817019436968164481e-03
5.622081585541158222e-02	3.107882878791589157e-03	1.591910289347568674e-03	2.236696783734464650e-02	-1.725077861477849250e+00	8.514861613976777710e-02	0.000000000000000000e+00	1.111854230654051756e+00	1.686025075088753294e-02	9.967176543593352089e-04	1.060486397288166148e-03	1.376932522819529839e-02	8.513134713333312233e-04	1.017556422368823916e-03	1.696162778033640309e-02	6.772642160773080337e-03	2.861740549504087835e-02	3.137066625915366181e-04	5.026138428754504863e-06	1.365014157194482805e-03	8.722297753099263889e-03	2.766023833962352567e-04	3.672257815018928166e-05	7.356271344317212059e-03	4.685050789120778769e-03	0.000000000000000000e+00	0.000000000000000000e+00	1.292143718007908858e-05	1.342907508999133595e-02	2.801086850538505755e-07	1.061117606909880687e-06	1.573457576563839873e-05	5.790945751282003395e-02	2.494765641814405670e-05	1.483342611029372243e-05	4.158724216050097879e-03	6.310953138325797740e-02	3.073559631606518077e-04	4.130189850304746900e-04	1.477226430829657947e-02	1.270107214676548073e-02	0.000000000000000000e+00	1.206115043878933034e-05	2.001077615188738253e-05	1.121340489302432575e-01	5.209550771102370175e-06	1.097994032989945117e-04	1.429966606472388331e-03	7.134576289059042656e-04	3.173244616289302555e-03	5.376140586136431880e-04	3.240463356676198409e-03	6.917287272801133724e-04	2.603665976265429755e-02	6.168312427555479533e-04	9.955556976258060457e-04	3.405785009061858618e-03	1.239132730375367385e-02	1.587665442303209831e-04	2.054692771362541385e-04	2.371143086754907980e-03
3.302419443334556580e-03	1.609950748054824257e-02	3.873705955442146697e-03	1.214853869927533985e-03	9.776322593825188811e-02	-8.381874302471826743e-01	0.000000000000000000e+00	4.874254282024099161e-01	2.778422056365004904e-04	1.061917917438606057e-02	2.914469196997513073e-04	1.584404412284104403e-03	6.289875830701658701e-06	2.218733691516791562e-02	8.617287031387440774e-03	7.910117677691180229e-04	1.146136665768324875e-03	1.387331936722727664e-02	2.383609476783772260e-03	1.864252761030669011e-05	2.325192080820897948e-04	9.184580558881771939e-03	1.290330685120716359e-03	8.807652754071411448e-04	2.701302250733439588e-05	1.660171683706706050e-02	6.693985570618003444e-06	2.325419933936134710e-05	9.653533905844117086e-06	2.112560871840171110e-03	1.116553422459444110e-03	7.270585768019609175e-06	5.451771060951127179e-03	7.538030339266911690e-03	6.375824285469401144e-03	2.500028860468022496e-05	1.784084713826458680e-03	3.374941963995748556e-02	6.039275818846246216e-03	5.473988811078700674e-03	3.047582493385893990e-06	4.592547320351875878e-03	8.838252862522672738e-06	4.197016720995106474e-06	5.656773709972045541e-05	5.928771200740175565e-03	8.609068407182512419e-04	7.677331824971755914e-05	5.261654752689580959e-03	1.769345347741835062e-06	1.413320147474902414e-05	3.028796098188776126e-02	4.737131514625566447e-03	2.540907874887691608e-03	8.120760067930936354e-03	6.231923933003963257e-04	6.356536990035480273e-06	8.814714317560164718e-07	5.597142101705824581e-03	5.517811555931380590e-05	2.758246698706739627e-06
7.366518332018651138e-03	9.830721809516274057e-03	7.112988053777947149e-03	4.035431859699334205e-03	2.271893376845570411e-01	2.895019839623068636e-01	-1.212966406560549437e+00	4.221085438728932604e-01	1.125620752441541935e-03	6.489515834255035233e-03	1.585640185894635762e-03	3.236787765803213462e-03	5.816506276087628549e-05	6.487104263246537897e-03	2.735079092966586842e-02	2.074572673204437730e-03	4.917503336043536140e-05	1.475222754559105511e-03	6.821037315061818929e-03	1.274950034917134460e-03	7.152163348313230048e-04	4.589754142452444514e-03	2.355706508968494900e-03	1.591106212651649662e-03	3.782342882099587038e-05	1.595835200488797531e-04	1.124359463048271073e-03	1.007608844959308203e-04	5.800650712200882479e-06	1.400543425269252983e-06	1.111447930887912022e-02	4.847057178679739732e-06	1.722072417122730130e-04	7.081668230775913083e-04	2.562026525612202260e-02	1.904986213088289857e-03	7.348793054428444556e-03	7.791415055145567252e-03	2.374913020116103252e-02	4.944458171267721892e-03	5.088374341635376618e-06	5.716533367922862222e-05	1.416574210084699421e-02	1.401503797903723163e-05	7.307268236489182576e-05	2.133119437010425675e-05	2.969952372099541119e-02	1.237524878276904374e-04	2.376592165759549170e-03	6.424401439787788591e-04	4.863948438544836368e-05	1.235845581986770927e-02	9.726376663701814113e-03	4.658698728955992102e-03	1.745890223382673846e-03	5.975888117883268631e-03	4.413042188159426349e-04	8.814714317560164718e-07	5.496946989676612964e-04	1.082926803220247633e-02	2.382176073549734563e-04
3.241162507954092886e-02	3.540233129257973083e-03	1.808381105782579925e-03	3.700002782704998189e-02	3.726214178408173150e-01	1.422755303942169480e-01	0.000000000000000000e+00	-1.092564141383153498e+00	5.543501335595102213e-03	1.407495016675940286e-03	6.414189477441254112e-04	2.839217212570394749e-02	1.325246444559583729e-04	1.578875019764051273e-03	8.340585974410723302e-03	2.898036675127482059e-02	6.451319837344374891e-03	3.892710411719797359e-06	1.122890281225891049e-04	1.489403729864710590e-02	2.960640052941473747e-03	5.673881524450797220e-04	2.809334756693368271e-05	2.096596616368206004e-02	1.351300789207684821e-05	0.000000000000000000e+00	0.000000000000000000e+00	7.559830515606848905e-03	6.181673847218000504e-05	1.412312697750507099e-07	1.061117606909880687e-06	1.526116148778893997e-02	1.249909391830970537e-02	1.175232472888121711e-06	5.944168045462691879e-04	4.154649929302537542e-02	8.807183866255759511e-03	6.026615094590172857e-04	1.977102194831725790e-04	1.075175963343983632e-01	6.663865648483976415e-05	0.000000000000000000e+00	1.093412490598442601e-05	1.425389319849815033e-02	2.603792415913550842e-04	2.127319539531663723e-06	3.490954526299703333e-05	7.369198807364801818e-02	8.008566229684174840e-06	9.150749078978056422e-03	2.163481335386666386e-04	3.854166326806229229e-03	3.949492914503755685e-04	6.054775931873222772e-02	1.494047941278321219e-05	5.921662371853137971e-04	8.925241438515217618e-03	1.773321478756902244e-04	2.124118297416762558e-06	2.888454397104948793e-04	1.474899758645129878e-02
2.146334209654743863e-01	3.274643301199537792e-03	7.442184020496612346e-03	1.684761375348478238e-02	1.537258156698569252e-02	2.206393985936915946e-04	0.000000000000000000e+00	1.508158451595726507e-02	-1.347331432397549822e+00	9.127223338984008245e-04	9.096763652076575446e-02	9.445724426567689985e-03	2.937640540658606903e-04	2.565843573724994539e-04	6.073476948060051867e-03	2.654910320775191474e-03	2.140233915148254118e-02	3.655713042535680595e-04	1.115632877043050554e-06	6.812642434232209915e-03	4.228391530038174556e-03	4.049382966990253486e-06	0.000000000000000000e+00	2.297674580217926911e-04	4.151321279634546113e-01	1.247795677570427350e-02	9.109827412714916308e-04	3.828282676153861863e-01	5.821009858818214713e-03	1.412312697750507099e-07	0.000000000000000000e+00	8.715522889088153755e-05	3.321715626923053832e-02	5.340613389453616982e-06	7.257404182840605124e-06	1.362895876456216666e-03	1.065106025045418382e-02	0.000000000000000000e+00	0.000000000000000000e+00	6.312442704528113940e-04	2.553544881705861400e-02	7.266254675746508147e-06	1.375505004221733380e-03	1.411134452343863841e-03	1.620554382374117183e-02	4.246353511236524568e-07	9.891838135044549537e-07	8.164410228171949634e-04	8.143468455489705476e-04	6.472158511199682836e-03	1.030739702323065995e-04	1.616589606353140084e-05	2.273823443378316212e-07	6.177389832034823345e-04	3.111306983850195313e-04	2.393199174155678094e-03	1.182741833656241002e-03	6.024914105177001794e-03	1.898148265776681371e-04	3.170434867254218008e-05	4.167503151779314297e-03
1.233568594962949731e-02	4.935450836329024343e-02	5.772198825517079260e-03	1.157754623067141879e-02	5.149707880856564668e-03	4.778630628473727604e-02	0.000000000000000000e+00	2.169888150708741692e-02	5.172093225424271266e-03	-6.904126229239547774e-01	2.665860734354289982e-03	1.641453998463875963e-01	8.111947519159511870e-06	4.963412255059152997e-03	6.050968167362564230e-03	7.124665620088028095e-04	4.009488240366737219e-03	1.835473067154300836e-02	5.475414211207450463e-03	8.384994640724609976e-05	4.451091775320422864e-05	1.410565648112553465e-02	2.562599962229160648e-04	2.489097560187433886e-05	4.606701329900371282e-03	1.479954237482019631e-02	5.122518413416193373e-04	8.510620137652056411e-03	3.864257018569117690e-05	7.073638762318301730e-04	2.622476371362991352e-04	6.058821473349674454e-06	1.533022273132132046e-02	1.491603566953562769e-02	1.456159207118181385e-02	5.581907013864291544e-04	1.461412690229602030e-03	3.461540854668732764e-02	1.658812106765089351e-03	2.428002795966343577e-04	8.128827668831386036e-03	2.117574242962137407e-02	2.273518948760681196e-02	1.221762809490749800e-02	1.899080392157196796e-05	7.897948249945564150e-04	3.995150159396633797e-05	5.567336654532498506e-06	4.637882369641308303e-03	1.769345347741835062e-06	9.885030787841392926e-05	8.615201459811254459e-02	1.941307609693556507e-02	1.222346659559999738e-03	1.382580681422045446e-02	2.753929729560615925e-03	2.032281534395377273e-03	6.141865459977404629e-06	2.511370672972757130e-03	1.068499294610123531e-04	2.758246698706739627e-06
6.895212335733556797e-02	7.179510900621571302e-03	4.546678209723498815e-02	8.170725808093750112e-03	5.977286966533299634e-03	1.430739423980597258e-03	0.000000000000000000e+00	1.078750048478756447e-02	5.623453894010973508e-01	2.908211710204679744e-03	-1.255005761933866815e+00	8.487006551808208565e-03	1.195630034410833357e-04	1.297778751517753492e-03	1.799530330414137250e-02	2.140190980842242210e-03	6.523359365893771340e-05	2.418947423565086935e-03	4.433142881553071152e-03	2.335585572426183542e-03	7.904008012960713468e-05	3.505668941526666397e-04	6.704508241758042704e-04	1.206264184099815331e-03	1.986336669196976934e-01	4.579263841519438938e-02	6.979292696249733870e-03	1.491478056607197233e-01	1.352063438064470428e-05	2.240869480430804604e-06	6.112037415800914385e-04	1.755222220764330395e-04	2.197332587668148927e-04	6.683948735045988914e-05	2.116666182389991685e-02	7.049723600636392763e-04	1.019595613596016158e-04	2.763312193582672218e-05	1.556294776044056223e-03	2.067721450153469417e-03	4.505714663681161317e-03	1.082149767604781410e-04	3.082086610750457006e-02	1.777623948159329356e-03	5.960279708718629026e-05	4.271210214716933627e-06	3.019209884521525163e-03	1.314526991183657175e-03	3.603320007616330877e-03	3.058206662731811649e-03	8.719618595911630355e-07	2.271055310490725158e-04	1.017075294509790133e-03	8.254664541892596215e-04	7.105845141077804343e-04	8.184215559903404782e-03	1.000876067866591839e-03	3.511668445866710762e-06	8.552363110826030320e-04	9.353354939196712944e-03	2.470855187841488991e-03
4.775435223917977312e-02	7.015333315675269243e-03	2.417339270173248476e-03	8.940483936290706535e-02	2.799010374256092823e-02	2.805175025027593742e-03	0.000000000000000000e+00	1.722148145329583380e-01	2.105932003300337377e-02	6.458179666087379700e-02	3.060887608848861501e-03	-1.117969584368375457e+00	1.016345411307592844e-04	3.896727970573998778e-04	6.086608725677916491e-03	8.217915129801148244e-03	2.029233424638584790e-02	6.483080207753926779e-06	3.214142179082402355e-04	2.143025661904151419e-02	1.803399031509995531e-04	3.037037225242690326e-06	2.609577248723536835e-06	2.065960955298633966e-02	6.897883791109279267e-03	2.033140879594868742e-04	9.417677685319781938e-06	1.694373359014754096e-02	1.352347783687617513e-04	1.412312697750507099e-07	1.591676410364821243e-06	5.926757525295723097e-03	4.139098492832125192e-02	2.886013920763236056e-06	2.285161866332576387e-03	7.615548558310512861e-02	2.915351421662707842e-03	7.580353019726221722e-06	5.304420522719264396e-05	1.058647042658455023e-01	3.208269001405462950e-02	4.781478792414190935e-04	1.354344605533877068e-02	8.927845253528138292e-02	1.822481259140201575e-04	2.009250197999721378e-07	1.304186037610728251e-05	1.274782817093720808e-02	2.406580836966864296e-06	7.725175329920750365e-03	5.615659404256932458e-04	6.614730348187439039e-04	1.347635837757022630e-03	1.569700038600422010e-01	1.831483151967303828e-03	2.291058365999864860e-03	1.644645819511541054e-02	1.553806657687339455e-04	7.080394324722540449e-07	1.714212426188849408e-04	6.689608342796774139e-03
2.463258113039421687e-02	2.491601119829645744e-04	3.496530336830422033e-04	4.608852093830685497e-03	2.639071761133326630e-02	1.698266474289447485e-04	0.000000000000000000e+00	1.225852961217614723e-02	9.987977838239261302e-03	4.867168511495706444e-05	6.575965189259582854e-04	1.549926752244079175e-03	-1.306044352444252210e+00	1.203678815773814859e-01	4.431609401841272305e-02	3.755804088774528648e-01	6.721282844594304515e-03	3.892710411719797359e-06	1.852954259448665487e-07	6.646516799304809939e-04	4.117118519670346158e-03	0.000000000000000000e+00	0.000000000000000000e+00	4.020082186220923708e-05	1.583295746816369785e-03	0.000000000000000000e+00	0.000000000000000000e+00	0.000000000000000000e+00	6.256470963386845385e-02	3.204725819555600532e-04	7.409935837281256352e-04	2.313807004470521539e-02	1.796657441586044929e-02	0.000000000000000000e+00	1.380676893320895578e-06	5.237090868708504482e-05	2.269698266296546821e-02	0.000000000000000000e+00	6.462742904906319502e-07	8.179926837011236812e-05	5.287528415466549725e-03	0.000000000000000000e+00	1.542245465943553724e-06	5.845844718528899028e-06	3.257938027852066432e-01	3.194231394669515994e-04	8.750848219209367979e-03	6.552623049916241060e-02	3.403172701341919534e-04	8.740154187462000762e-03	3.798509154779838431e-05	0.000000000000000000e+00	0.000000000000000000e+00	5.469227999128763943e-06	1.222842475471089881e-04	2.801762406778929293e-03	5.697537762138117504e-04	7.334801978688176849e-02	9.787214010395191895e-04	1.966365341763362876e-02	3.188850530368175784e-02
8.496322542979289731e-04	2.098447819359909594e-03	7.233611421592501395e-04	2.580804672903164632e-04	5.709366351752677123e-04	1.084268048343047311e-02	0.000000000000000000e+00	2.643365417704519795e-03	1.578980660753842710e-04	5.390130955720346317e-04	1.291906449474686963e-04	1.075567448891465649e-04	2.178604191445819051e-03	-5.441064442672998158e-01	2.837522851611485458e-02	3.113737413940917964e-01	1.816581558230798501e-04	1.830418268193200176e-03	4.087501286702540184e-04	7.771862621541189583e-06	3.838477604126178516e-06	2.850111802136259982e-03	5.317809247093937815e-05	1.916225868307887788e-06	1.621560947049221853e-05	2.676035129183064638e-03	1.153953628242014265e-06	2.588675020796829203e-06	2.886349768722761520e-03	8.863902814968318417e-03	3.743090842492309556e-02	7.163913789958513585e-03	4.560707954585428822e-04	2.413466332139296714e-04	5.661483302048143798e-04	1.878375888008174161e-06	1.358691892325912900e-05	8.383120219312156091e-03	3.835389347027097083e-05	1.152936763099634007e-05	2.285686870039420069e-06	4.905385693096834870e-04	5.832851441709594249e-06	0.000000000000000000e+00	9.069886550543271656e-03	1.551020183565513487e-02	3.349147823839080523e-02	1.464084974162105542e-02	3.422358498569961268e-03	1.769345347741835062e-06	9.038801265603246280e-09	9.172406046810442160e-04	6.801697952366441502e-07	0.000000000000000000e+00	3.119497550109529699e-03	2.254858437702023273e-03	2.547529644202364351e-06	5.987181440985381515e-04	1.515573469875635890e-02	8.821467431955727634e-03	1.662006758087400957e-03
1.016292308350157450e-02	2.620742992911952000e-03	3.092130413731779097e-03	3.757173963358795884e-03	9.967970828254568705e-03	4.410744072937647538e-03	0.000000000000000000e+00	1.462567208782922928e-02	3.914658127659559686e-03	6.882617820696754207e-04	1.876287548299100487e-03	1.759635697944800757e-03	8.401155264154071441e-04	2.972002607612030112e-02	-4.532890721683239255e-01	2.642802507524868311e-02	7.643616248863436581e-03	2.338574402711342953e-03	3.223275699452935079e-03	5.362220643879041238e-03	3.599086835690273206e-04	8.916024215078800785e-05	4.735893104697998885e-04	1.629410769331679065e-03	2.026431452738755481e-04	3.337326917205597331e-04	1.539157208844472622e-04	6.304081813357430243e-04	2.324924974828081192e-02	3.376790229377040972e-03	3.390357159367916873e-02	2.239964658762445826e-02	1.689957556226041966e-03	8.463905258856922850e-05	4.645889241095754740e-03	2.641577900600067166e-03	1.194670791626521213e-02	2.645527574290595929e-03	6.937522512517784075e-03	2.055845745787313050e-02	1.026491089111513126e-03	1.646457195285167853e-04	8.110609588263843414e-03	1.029730557823433463e-03	1.644933140406771785e-02	7.259669532407795863e-04	1.344207646407010771e-02	1.093445256253030261e-02	4.015701003924141387e-03	4.489988373483349594e-03	2.317077873601422093e-05	3.344062707232068558e-04	1.042014194589208206e-03	1.205951874685252858e-03	3.270312773851515031e-03	5.299689275181799879e-03	2.441786685433848612e-03	2.016672993414886719e-02	1.206080395140748072e-02	5.652171190029271763e-02	2.014914042688599818e-02
8.176547831804778857e-03	3.037823412644437867e-04	2.575154480570363957e-04	4.305021733934519083e-03	3.455998468871859797e-03	3.515607856751636019e-04	0.000000000000000000e+00	4.412648435379294687e-02	1.485875735084057642e-03	7.036706785272125694e-05	1.937621464137009527e-04	2.062933427645555987e-03	6.182393561768771695e-03	2.831835261238448420e-01	2.294779132048342662e-02	-8.549995802639021036e-01	1.359911942188409429e-03	0.000000000000000000e+00	1.489698018169249756e-05	3.203664513640330953e-03	2.225117486141893811e-05	1.012345741747563372e-06	6.022101343208161113e-07	5.845586736076108757e-03	5.405203156830739793e-06	0.000000000000000000e+00	0.000000000000000000e+00	1.676803275759193622e-03	1.888880961732000360e-02	4.331327658551180652e-04	1.353804160541537648e-03	6.115357621722055520e-02	1.919534069571098315e-03	0.000000000000000000e+00	5.862566500870264118e-05	2.994936183722747645e-03	5.217930493109023494e-05	6.251837542042245167e-07	6.711309939710409039e-07	2.444098340026691282e-02	7.700587907394713840e-06	2.504689492370599282e-06	1.601562599249075127e-06	2.622948083804040476e-03	7.462356911315365382e-02	9.499859219660083997e-04	9.155741321902065993e-03	1.664141242760019401e-01	2.406580836966864296e-06	5.380197878054528149e-03	3.634351342211304393e-08	0.000000000000000000e+00	0.000000000000000000e+00	2.223847440409896636e-03	4.080171383801214792e-06	1.290345373172773315e-03	3.534234566459727462e-03	3.029223492257369921e-02	9.032172811341802757e-04	2.386010596678307324e-02	3.320012575533344557e-02
1.186907839756560779e-01	4.513353015675673763e-03	2.867115105475377072e-03	3.164604953422919809e-02	1.939102886002769949e-02	6.764085240599949228e-04	0.000000000000000000e+00	1.304365213014982774e-02	1.590556352241325258e-02	5.258345233267849904e-04	7.842289948069015217e-06	6.764111415461949300e-03	1.469132862206405665e-04	2.193795215131183224e-04	8.813131303334345579e-03	1.805784710119035354e-03	-7.837554965435237220e-01	1.076082547578589323e-02	6.918871369800021209e-02	4.098769319991944077e-02	9.013910666618090567e-03	7.892711394462305222e-04	1.551205177698083027e-04	8.685074180558092008e-03	6.140414732374274709e-02	1.668775502076819952e-03	1.129767302522137712e-04	2.554149116155048777e-02	1.714231614810702783e-02	1.689926297038331555e-04	5.058802396828076739e-04	9.713300625358420662e-03	1.531975308781537426e-01	9.029132572874444757e-04	6.076996242994485951e-03	3.160957778281413277e-02	2.939106615393051805e-02	2.940551787899569496e-04	9.652686518225465283e-06	1.243850156079229566e-02	1.500643225022202550e-02	1.433160316252901092e-04	5.989053226080800335e-05	1.604309641600379756e-03	1.754394746754717876e-02	1.399639545142692415e-05	4.475336476631806878e-06	3.833683273288214163e-03	1.059376884432813555e-03	7.417232974527994058e-03	1.946124528119266394e-04	6.357452168663623848e-04	4.308401115757696417e-06	6.556727230615904019e-03	3.247211951671129769e-04	9.089197290367974054e-04	1.336625730427899077e-03	8.195921372467440680e-03	2.504953124074179075e-04	1.385542781335545332e-04	3.746470139576724319e-03
5.295585847715575042e-03	2.634899572869558310e-02	3.551208870311451521e-03	3.391444574237259708e-03	2.559185931667798527e-04	9.857358497766748051e-03	0.000000000000000000e+00	9.475676660107401454e-06	3.270901143321398256e-04	2.898115369191000840e-03	3.501108113054731004e-04	2.601762451795984041e-06	1.024397476768367823e-07	2.661331824149323726e-03	3.246310519553245125e-03	0.000000000000000000e+00	1.295546751361064709e-02	-9.058697724457669409e-01	9.663418964878210324e-03	6.410659991258393919e-01	7.697090079613285764e-04	7.701272596590583684e-03	8.913909512199367363e-04	1.229238933833381835e-03	6.846209529198904985e-03	2.776838401890763947e-02	8.317316616248405766e-04	6.082618471535870819e-03	8.519990079168193123e-04	1.453961799207169336e-03	5.002957293058706359e-03	1.076156854057326801e-03	5.273051362926987895e-03	7.257633259960180432e-03	1.001935980299999661e-02	2.090319300705096878e-03	1.149236503831527672e-04	1.087844739665518728e-02	1.574564453102157008e-03	4.146926697314888541e-06	1.355629998397189805e-04	5.016096508856779032e-03	1.062053499457590172e-03	3.410076085808524857e-06	8.116617566480074128e-05	1.017123878066592945e-03	4.236395765175584791e-04	2.313368198915330269e-06	4.270338648304897178e-02	4.053722721447900607e-03	1.362410982429989179e-06	9.053313061035170306e-03	2.264945645760256499e-04	7.649179725196595926e-06	4.866747830620137168e-03	6.084504379758268362e-03	1.269669115277705448e-06	1.748725582354678031e-06	1.147582779816641411e-02	3.991647623906212442e-05	1.385055062683922017e-05
1.053307781323024363e-02	1.177995097756191767e-02	1.419971500032884103e-02	3.719894274926434114e-03	1.520100402842825522e-05	6.278776182747497492e-03	0.000000000000000000e+00	1.013340009886779707e-03	3.700635884825728296e-06	3.205120513877531344e-03	2.378759594979696843e-03	4.782016412781136031e-04	1.807760253120649256e-08	2.203262888686003361e-03	1.658807738011144547e-02	8.829185815003115045e-05	3.088179172374155290e-01	3.582535811369482598e-02	-6.645703594361154209e-01	1.833064226617017387e-02	1.579319333338763528e-03	5.584710737031865768e-03	1.752078977624216402e-03	2.144456353497809029e-03	8.021009646093153755e-03	2.274386165249608210e-02	1.776952628856998638e-03	7.476685784006678430e-03	1.499198080761938567e-03	9.949060337848410727e-04	1.066870380221627938e-02	1.452629988333190665e-03	2.667457363274514798e-02	6.905004012652078346e-03	5.375376958076174411e-02	5.853063990268898495e-03	5.118739064637013378e-05	9.923651137640640552e-03	1.279810349004337038e-02	1.864157477000660725e-03	7.863851255254673264e-06	2.976217202918402319e-03	1.253970129792050629e-02	1.265475488107185430e-04	4.191273316024254134e-06	1.435888904384955561e-04	4.566533462001110336e-03	2.440476341712875623e-04	4.444099132691321438e-03	1.404341604884402905e-03	1.997951696417717453e-07	3.348507537754428793e-03	3.003841380207144130e-03	6.352301935025827465e-04	1.063836685469770000e-03	4.077888144939850919e-03	4.743647642950446931e-04	0.000000000000000000e+00	1.615203656825747605e-03	4.627358568651110393e-03	2.894676105309439010e-04
3.319035622347803194e-02	5.512086040254699990e-03	2.016655424244926526e-03	4.839752377282761919e-02	9.617145198415672685e-04	1.143973285177910575e-05	0.000000000000000000e+00	3.131132841192857397e-02	5.264314608270343789e-03	1.143408360098810390e-05	2.919481965532729427e-04	7.427532123645070455e-03	1.510571999842002243e-05	9.758986587276152877e-06	6.428571340104987687e-03	4.423241345537501888e-03	4.261788554309806076e-02	5.536479083359521214e-01	4.270206437005551886e-03	-1.062758341602422885e+00	2.452615828429300857e-03	9.625298950390686302e-04	1.322438766916455633e-04	1.547460176363711637e-02	1.759107775458381220e-02	1.905725040937573467e-03	1.191509847500595818e-04	5.398870422017371107e-02	6.236381945111501256e-03	1.349417705610684247e-04	6.782360566908840049e-04	1.220698302333365036e-02	2.249243327216634766e-02	7.507206520484327938e-04	2.818297857998371993e-03	3.339895443231905708e-02	9.057561485938365282e-04	8.783831746569352930e-06	6.638728365547614738e-04	1.916609264128237011e-02	2.654498772855067197e-03	7.460965519676377172e-06	1.662066075220706637e-03	1.454551091388014972e-02	5.661398563286279160e-04	7.767719837627788250e-07	3.095953261742050698e-04	8.597772730225902368e-03	4.552996915564070865e-03	4.710853007706077011e-02	1.206218613476767972e-05	1.690142851651986496e-05	1.457817412872028373e-04	1.617479033813094130e-02	1.494047941278321219e-05	3.214214207029987298e-03	5.193888694055215013e-03	3.774830320089353963e-04	1.976484543411909401e-05	7.432436803181817660e-04	1.894280788685161199e-02
3.847546007465925400e-02	8.867861527460113450e-04	7.458253879296697331e-05	1.728281320358760484e-03	1.188532880642097223e-02	2.759568623391834576e-04	0.000000000000000000e+00	1.203776724822357320e-02	6.319354374562545160e-03	1.173914314370221264e-05	1.910859080056436193e-05	1.208871878264942089e-04	1.809722426228723693e-04	9.322017038592147220e-06	8.345135410226896993e-04	5.941797243214067448e-05	1.812687529660561223e-02	1.285667793517823601e-03	7.115614578779044146e-04	4.743520723116009981e-03	-1.288095206720315522e+00	1.626790360586105877e-01	3.703245198442748493e-02	8.168451901794696601e-01	8.141626234806759871e-03	1.906979927846614602e-05	3.879152209821393072e-06	1.391149568591434947e-03	1.526637433395633577e-02	3.909516932823028815e-05	6.202535588847370726e-04	1.205687113131514564e-03	4.428579661564967240e-02	2.731299772433660566e-05	3.170246558894518059e-05	6.613358992557922741e-03	2.852231071493414524e-02	2.043881988432160715e-04	1.476819609449362108e-04	1.581200364374643272e-02	1.513462118885006841e-02	7.965443615312858534e-07	2.479456172170789859e-05	9.398319585942614175e-05	2.116191240460574274e-02	1.112337480748299542e-06	6.885871789152371541e-06	2.345145234614717171e-04	3.459192555269092898e-04	4.902306851415739282e-04	2.939169604539371085e-04	1.097303694543284641e-03	2.997274973550222502e-04	6.288864049884989281e-03	1.032635967505245687e-04	1.158463613456830674e-03	2.289500114323346746e-05	3.711691374469540047e-03	9.879409783304345452e-05	1.021441035521076607e-04	7.479000752826652117e-04
4.574431867840369993e-04	6.362533104825050627e-03	1.886704578449348649e-03	3.452822083460439020e-06	3.062383530458318991e-04	8.856559824635994865e-03	0.000000000000000000e+00	1.874407289327495148e-03	4.917107888488165129e-06	3.022640674526900096e-03	6.886135420855952723e-05	1.654100631605393963e-06	0.000000000000000000e+00	5.623881323858156284e-03	1.679715276233595487e-04	2.196428707541588528e-06	1.289612665345180086e-03	1.045172709537293444e-02	2.044403037663451109e-03	1.512546977918536543e-03	1.321767167976211077e-01	-8.314734865325995594e-01	8.189514368837005898e-02	4.689979380053041491e-01	2.001185515878846095e-03	6.316999860987036232e-03	3.378632355905806682e-04	2.725392162573149913e-03	5.699281497548940685e-04	1.527107827678164708e-03	2.270352072921424762e-03	4.878452889950734119e-04	5.225475632465484757e-03	7.260965564693432940e-03	5.209293918499738330e-03	3.439216804472109492e-05	1.609069512008518129e-03	2.180159543173597683e-02	3.459763129598984136e-03	3.327612465545390190e-03	1.044885426303735058e-05	5.637020539656228089e-03	2.849199636441872741e-05	1.079232871113027669e-05	5.549823977080391733e-06	1.574444312368668188e-03	1.476092739180919804e-05	4.880952683425751721e-06	4.150228872710589288e-03	1.769345347741835062e-06	6.812243220509645589e-06	1.967063702146146578e-02	8.551948832434689077e-04	1.305442807603366534e-03	2.173864940803067140e-03	5.365564247113876854e-04	0.000000000000000000e+00	0.000000000000000000e+00	4.302996665834303396e-03	7.049511753731730354e-06	4.152199331386489314e-06
1.513245978549743077e-05	1.140968448682176499e-03	3.489402677107414797e-03	4.864522779041920332e-05	1.751384496393642643e-04	5.359835153578360392e-03	0.000000000000000000e+00	3.997899461448255220e-04	0.000000000000000000e+00	2.365476888211532844e-04	5.673045435333728525e-04	6.122469698928299214e-06	0.000000000000000000e+00	4.520137860029848362e-04	3.843359404197222752e-03	5.628348563075320763e-06	1.091809798149035371e-03	5.211208637901169546e-03	2.762893772407419048e-03	8.951893191434469235e-04	1.296135819454962146e-01	3.527790805037479549e-01	-8.294111288577638019e-01	2.054319084721218658e-01	1.183336699764533538e-03	8.944945931120055344e-03	4.385795851594424702e-04	9.800986883823656435e-04	2.337605367892326227e-04	2.782938632372411697e-04	7.506285315988674156e-03	1.464765991344960962e-04	2.689495316580245605e-04	4.791936026399235340e-03	1.752981727900618583e-02	1.411465310131856379e-03	2.015754368743761897e-03	1.517864881319810379e-02	1.615754496439542401e-02	6.163882473393536912e-04	4.462531508172202217e-06	3.502768427862206022e-03	1.390180063001519514e-02	4.916505301737125597e-05	2.370237323544750769e-06	6.554298429392493418e-05	5.785553654387007826e-03	6.253720625639245292e-06	4.996596613284757680e-04	6.371168549584177183e-05	6.112865972583594025e-06	2.934719124766219187e-03	4.103215242702790491e-03	2.766087858804651607e-04	4.619156986352732341e-05	3.555534878258841472e-03	1.269669115277705448e-06	0.000000000000000000e+00	1.192534244977364001e-03	2.085308321099297885e-03	1.205027563101665049e-04
9.123581455307408494e-03	1.146732002647516589e-05	1.372189458932494225e-03	1.415908822495699076e-02	4.302724748562897390e-03	4.486917440753359905e-04	0.000000000000000000e+00	3.659154471963378674e-02	1.473979919385085306e-04	2.817846294551811419e-06	1.251783587273393237e-04	5.944510295906446987e-03	7.585060728718724258e-07	1.997575079698316898e-06	1.621724869476340921e-03	6.700365928615539292e-03	7.497021580387409553e-03	8.813411223711039221e-04	4.147297664783498308e-04	1.284683920000062596e-02	3.506269448411874490e-01	2.477724955499720216e-01	2.519447934092060304e-02	-9.551612412902510396e-01	4.584119014788419835e-03	2.686802507036534370e-05	3.720973187673335573e-06	1.097846107357982812e-02	2.579171192036947002e-03	8.533664090707813869e-05	2.181051446888480742e-04	1.510377901000241503e-02	9.184502222604135416e-03	7.140652999826563502e-07	6.095688484011754869e-04	2.959676384910708141e-02	7.749018934425974843e-03	3.448200996313399301e-04	1.168347919257487459e-04	5.798524560173180797e-02	9.657027025916551613e-05	8.496473189667050444e-07	3.792342055999661375e-05	1.569391961416243333e-02	3.327003852926839028e-05	3.977072556865427834e-07	3.687830916366123635e-06	1.800855456341346819e-02	6.404179005039599208e-06	5.153660661635029762e-03	5.126450291966730557e-05	1.552985821547406709e-03	1.557588831091914956e-04	3.671963573791479224e-02	2.720114255867476246e-06	1.018821195466749607e-03	1.963604722379323764e-03	1.930706781168823417e-05	2.124118297416762558e-06	6.457131315787257415e-05	9.620289948022664461e-03
1.131431873098542318e-01	1.989263148701156164e-04	2.145071368600588876e-04	1.794927979948887642e-04	4.209755781528815542e-03	2.114062631008778779e-05	0.000000000000000000e+00	3.623052840629300197e-05	4.091157203118103713e-01	8.011654486783254545e-04	3.166623675531412413e-02	3.049064574330914192e-03	4.589263034250348164e-05	2.596847603607812307e-05	3.098384322665778353e-04	9.517857732680216109e-06	8.142723884235451848e-02	7.540752524914736202e-03	2.383053590505937545e-03	2.243499771599094875e-02	5.368753531647936159e-03	1.624150563611817359e-03	2.229474941585353042e-04	7.042269790834385264e-03	-1.793354219007556427e+00	1.420448732733497754e-01	1.151491722408967515e-02	8.686418155210565706e-01	1.305427912412114241e-02	2.645614761061137522e-04	6.362006406342969817e-04	7.795812149498744167e-03	2.188468687207035038e-02	7.424047665757180529e-05	1.840902524427860771e-05	3.161932744813760366e-04	6.610001454504471283e-03	6.501911043723934381e-06	5.170194323925055601e-06	8.526263572171600318e-05	6.727674406939243915e-03	7.914110756458620540e-05	2.836960534603166773e-03	1.574068637191066702e-03	7.375109053542347991e-03	3.875574350987091670e-06	7.990300318793267594e-06	9.515315569824265782e-05	6.910363174414962820e-04	6.698649968687772453e-04	5.244529048916658564e-05	3.233970107817020495e-05	6.348910501467628444e-06	7.872334546859161182e-05	1.673877717082893112e-03	2.413894262886715197e-03	1.906371315228063291e-03	1.942748818309102555e-03	2.413359937916065897e-04	2.817959279567631490e-05	8.933456861478032132e-04
1.093811101734255484e-02	1.032167616368417744e-02	1.690903975211058285e-02	1.222874487892238952e-06	0.000000000000000000e+00	1.506710435632976908e-02	0.000000000000000000e+00	0.000000000000000000e+00	1.426052202937631158e-02	2.984781655425921155e-03	8.465865925498122085e-03	1.042198266010815140e-04	0.000000000000000000e+00	4.969779525625691100e-03	5.917445206137654816e-04	0.000000000000000000e+00	2.566268209076117985e-03	3.546886025944504667e-02	7.836120401280163850e-03	2.818551321050528479e-03	1.458278768353293519e-05	5.945411633870151084e-03	1.954357934530431655e-03	4.786572533544078146e-05	1.647243068211955153e-01	-1.004867103300020936e+00	1.339365541738191459e-02	5.976789268480154904e-01	7.728514037138235380e-05	1.282445837483355347e-03	8.548909158892411750e-03	2.941649625636621026e-04	1.276540863939880409e-03	6.809691171464810761e-03	9.358369590815526773e-03	0.000000000000000000e+00	1.568608636301563096e-06	2.516752224599609622e-02	6.938665920877883173e-04	0.000000000000000000e+00	2.048955015642480430e-05	5.983366878542936695e-03	1.921183085876992068e-03	1.744759808299394563e-04	0.000000000000000000e+00	1.343345325935436322e-03	3.156744849504023045e-05	0.000000000000000000e+00	8.082648809782138483e-03	1.769345347741835062e-06	0.000000000000000000e+00	5.424053576870155671e-03	6.348119606356888794e-05	0.000000000000000000e+00	5.207779636825211542e-03	2.907791782562548898e-03	1.055545562546355735e-04	0.000000000000000000e+00	3.025075878234541847e-03	1.181070032038823898e-06	0.000000000000000000e+00
4.071738935453845880e-04	7.797777618003113621e-04	2.381396476940576476e-02	1.764176283268068592e-05	0.000000000000000000e+00	1.807376104066860947e-04	0.000000000000000000e+00	0.000000000000000000e+00	3.097341320323071523e-02	3.073511048049715373e-03	3.838610982937352978e-02	1.436195847011266763e-04	0.000000000000000000e+00	6.375593796037128016e-05	8.119054276654592145e-03	0.000000000000000000e+00	5.168685409038780397e-03	3.160580314174394473e-02	1.821376444578423626e-02	5.242643329002621110e-03	8.825071277343668518e-05	9.460170596536260010e-03	2.850767303536375866e-03	1.972115789466867943e-04	3.972646442310937553e-01	3.984612486671119669e-01	-1.393759501272187729e+00	2.823078227654547967e-01	5.815152338981384927e-04	1.507632035576185296e-03	1.204165355615106382e-02	7.239006456097908659e-04	4.265410317238170490e-05	1.119646952192596872e-03	3.844625796747041385e-02	1.645815063778591000e-05	2.837336209780768587e-06	3.199534158078669701e-04	2.824697555264451057e-02	0.000000000000000000e+00	2.835068035588181106e-04	6.228339671685430637e-03	1.168217327410035582e-02	4.409865426131287817e-04	0.000000000000000000e+00	1.041081597437793853e-05	6.736044054448653111e-03	0.000000000000000000e+00	1.095408747519622996e-03	5.663430410487442734e-05	0.000000000000000000e+00	3.821605175097052146e-05	3.763812492117481808e-03	1.096425424353643563e-06	1.845073648749397111e-03	1.871636802585407988e-02	1.958485088849978200e-04	0.000000000000000000e+00	4.120940143676279119e-04	2.356529981425463469e-03	2.770110125367844034e-05
6.532347022608879505e-02	3.802510707423465395e-05	3.485102467405303602e-03	1.226927957150634671e-02	6.876644679527067435e-06	1.077877050923186817e-05	0.000000000000000000e+00	1.200488107628555276e-02	2.234534094235730572e-01	8.766304004448469741e-04	1.408262542719241998e-02	4.435913085832619319e-03	0.000000000000000000e+00	2.455352702129181399e-06	5.708846620679906185e-04	1.748769081585768367e-03	2.006048447452248723e-02	3.968060118770182741e-03	1.315639987743664812e-03	4.078116713626855211e-02	5.433245096215475215e-04	1.310059751966492466e-03	1.093672356134828510e-04	9.988986041197096127e-03	5.144745516819990705e-01	3.052523274459821856e-01	4.846486227733129773e-03	-1.326590550274675318e+00	1.910717283861581954e-03	1.618463274532156067e-04	2.276703619739928468e-04	1.218882491897867355e-02	1.738875548675486524e-03	1.755410529124030115e-06	1.396784790409639468e-04	7.268643838060202811e-03	1.358691892325912900e-05	3.688584149804923685e-06	1.268520434283535489e-05	1.477522639879466117e-02	4.165936426226610179e-04	1.897103154380345774e-04	8.546017119104138381e-04	9.038462875480865466e-03	1.020358262452801290e-05	1.220049862496738024e-06	1.357006532506597137e-05	8.562716304442340859e-03	1.841034340279650938e-05	8.150809656892613400e-03	5.451527013316956920e-08	9.554012937742630365e-06	3.400848976183220327e-06	8.521444196321796907e-03	7.839470030382505398e-04	3.245306271070965147e-04	5.954404111279266998e-03	1.053500533760013313e-05	1.416078864944508090e-06	5.635918559135262980e-05	4.265850958799868343e-03
1.600423710289608850e-02	1.738632254274754185e-04	4.219425415799414630e-06	3.519001173393430373e-04	1.102784974277434132e-02	6.904514316762679024e-06	0.000000000000000000e+00	1.514714783755403797e-04	5.242763846352829077e-03	6.141865459977403782e-06	1.969893750822407122e-06	5.463126808274481802e-05	1.657343301559429044e-03	4.224392707865762958e-03	3.248736223104140008e-02	3.039722342389907309e-02	2.077512486823566984e-02	8.576413854526923576e-04	4.070670285512547823e-04	7.268895512182941936e-03	9.200265327086270400e-03	4.227281640566100756e-04	4.025015865245064269e-05	3.621088031204190011e-03	1.193040078893190144e-02	6.090683247810927027e-05	1.540437705690432885e-05	2.948325345296348276e-03	-1.540259562875068822e+00	2.073339771296391076e-02	1.261178749869685534e-01	3.935894334585322007e-01	1.558490451518159195e-02	1.010848690287947939e-05	2.407334070405663922e-06	5.530475293121210221e-04	1.709633473037292656e-02	2.125624764294363082e-06	0.000000000000000000e+00	1.857914301643165042e-04	4.511075143602562808e-03	0.000000000000000000e+00	0.000000000000000000e+00	1.019275489384526076e-05	5.917381303695791461e-02	9.063582645739774572e-05	1.662616312247750016e-03	1.411164769989775407e-02	1.601445848066061122e-04	2.539620693094961769e-04	4.670480429788987107e-05	1.471064905976928041e-06	2.273823443378316212e-07	8.745605149550239913e-06	2.173875015300311120e-04	2.818552450900687007e-04	1.691445003959312395e-04	3.869929002886843827e-01	2.991210502826081776e-03	3.056196975658417858e-01	3.074033321285343096e-02
7.909478370809998814e-05	2.246590288398492286e-03	1.390981126763683328e-04	0.000000000000000000e+00	1.389339077867098693e-06	9.126262966349538153e-03	0.000000000000000000e+00	2.090222792670750146e-06	7.682981075762758279e-07	6.790693211825568143e-04	1.971965142779108001e-06	3.446042982511236982e-07	5.127561311288960662e-05	7.835690088431992995e-02	2.850010953594222726e-02	4.210050484111746254e-03	1.237026049432058718e-03	8.840087739179589010e-03	1.631645895407139203e-03	9.499900647499218446e-04	1.423064163547582087e-04	6.841443067998176537e-03	2.894256177667307839e-04	7.236547148920226486e-04	1.460379348105747500e-03	6.104442186420771035e-03	2.412211256921896073e-04	1.508407771863969245e-03	1.252297221863020449e-01	-1.020622023994995464e+00	2.347205486248857276e-01	2.914557697218863042e-01	1.331822172480309795e-04	1.006051064053689213e-03	1.780896182525837129e-04	0.000000000000000000e+00	8.235195340583206729e-06	1.862287989267230603e-02	7.399012069335056018e-06	1.900294981077262009e-05	1.632633478599586187e-06	2.128587796334243266e-03	2.352912954452344961e-06	2.248401814818807221e-06	9.171662228789627565e-04	5.634503045195396811e-03	4.585193502288868912e-03	1.852372386617191953e-03	8.317263701599330802e-03	1.769345347741835062e-06	9.038801265603246280e-09	2.711291255982089480e-03	6.801697952366441502e-07	1.096425424353643563e-06	6.791984253939673151e-03	1.873449270547521356e-03	3.817198759480070223e-06	1.953202785144106043e-02	3.474078331103382794e-02	1.042959208793861475e-01	2.481947491769621525e-03
1.291795347542463639e-06	4.175108926427601157e-04	8.266842443514399626e-04	2.517682769189903637e-06	8.172582810982932619e-07	7.489923579231054073e-04	0.000000000000000000e+00	2.438593258115875100e-06	0.000000000000000000e+00	3.909281547373402184e-05	8.351852369417398631e-05	6.030575219394665381e-07	1.840977847771740818e-05	5.138031529135406172e-02	4.443263109482178258e-02	2.043319323053376622e-03	5.750067320618249813e-04	4.723288872949834780e-03	2.716874881309735892e-03	7.414257514136372417e-04	3.505780985000688768e-04	1.579375355075773955e-03	1.212195144196928599e-03	2.871943520126446752e-04	5.453148348293974284e-04	6.318758943529174769e-03	2.991715169230078019e-04	3.294856791300642177e-04	1.182844666026848096e-01	3.644729015914375397e-02	-6.919496587449730507e-01	8.816534459087935205e-02	6.959876974514497730e-06	1.166752947450827685e-04	3.120683798621460159e-03	2.195910859552413499e-05	8.096788696203657847e-06	1.621820435968888757e-03	1.262740422167557552e-02	3.518052099260542657e-05	1.904739058366183320e-06	4.183450986762312826e-04	3.658641237529016658e-03	6.557838626554855135e-06	5.933975855493924586e-04	2.247812409652945754e-03	2.172833481762810257e-02	2.943824587191156317e-04	4.129411948470825683e-03	7.344308490842185440e-05	0.000000000000000000e+00	8.082948031765700418e-06	5.278097838658590097e-04	0.000000000000000000e+00	2.679292393034976745e-03	8.318667728729254099e-03	2.161714061430880475e-05	1.487046570556747015e-02	2.020389014092699095e-02	2.298535198381929656e-01	2.181387577310545632e-03
2.248535890370913139e-03	3.946001677514916456e-06	2.446023905989639941e-04	4.664546833374836471e-03	1.000557638430339054e-05	4.026785963826245212e-06	0.000000000000000000e+00	2.895707564349696284e-02	6.078518527774301922e-05	7.457011044122676593e-07	1.980250710605911091e-05	1.854011328425841888e-03	4.746270778401070621e-04	8.119102295286315801e-03	2.423756630763466979e-02	7.620676420915176164e-02	9.115559048413287777e-03	8.388504708549419844e-04	3.054247667777477905e-04	1.101758467747037187e-02	5.626539861280402096e-04	2.801983198330677480e-04	1.953021321793280921e-05	1.642051871856672549e-02	5.517036290414494872e-03	1.795160540773117546e-04	1.484924401250853068e-05	1.456408310831810646e-02	3.047795100114787936e-01	3.736612432331875427e-02	7.279292553400808219e-02	-1.194931913932899992e+00	1.966662379369953518e-03	4.909198937380762275e-07	7.469816012582280703e-05	5.791301202141773373e-03	5.476289562617516095e-05	2.063106388873940725e-06	5.468474765689963470e-07	4.009034549035711548e-02	8.979484132297722547e-06	0.000000000000000000e+00	1.304976932721468748e-06	6.362115248574877480e-03	1.473001327916813666e-02	2.182439279499470437e-04	8.820446424029433543e-04	4.822864262167273625e-02	3.997598168072735336e-06	7.404847557093799902e-03	2.721055797665976824e-08	1.471064905976928041e-06	0.000000000000000000e+00	3.585040256060986058e-03	6.790211142424736823e-06	1.667800064773573864e-04	4.449903549570714302e-03	1.711152578230454580e-01	3.128811187426114564e-03	2.059769711620575983e-01	5.979929262359522102e-02
8.335110174449840426e-02	2.314318026281657510e-03	1.919254431656943708e-03	1.754432850951303038e-02	1.359994835528349245e-02	1.115134989740003326e-03	0.000000000000000000e+00	8.758834753360967423e-03	8.555934190559381924e-03	6.968283059691508709e-04	9.155552448617286631e-06	4.781913031491660457e-03	1.361104122413670696e-04	1.908932685536704075e-04	6.753428870524524332e-04	8.834219297457896998e-04	5.309687149754192120e-02	1.517999634782011588e-03	2.071321058603316743e-03	7.497477757388783422e-03	7.632589947015379697e-03	1.108434225068436266e-03	1.324372693770575180e-05	3.687716801500145070e-03	5.719861341563841142e-03	2.877052325925109769e-04	3.231371452453160280e-07	7.673447023511143243e-04	4.457046556425038955e-03	6.305976195456014162e-06	2.122235213819761374e-06	7.263241741991306863e-04	-7.016795402038654705e-01	6.641573422400143083e-03	2.298422382843633149e-01	1.224769058299181174e-01	2.088759260099161408e-02	2.196676897959673035e-03	1.885190390929000238e-03	2.289263034098484514e-02	1.739094786683267543e-02	2.706923255270486791e-04	2.707570094486056421e-03	3.340675416457784038e-03	1.356472367598053792e-02	8.816879863696714639e-05	5.284450421173071460e-04	7.029054875075713138e-03	5.845451154057125552e-04	3.921875987086862782e-03	1.191508905958797406e-04	6.776389308822752811e-04	4.308401115757696417e-06	4.262914949009605735e-03	3.668124446523512050e-05	1.642095973674514433e-04	2.365516432967069657e-04	4.085662738032608439e-03	9.737801896809894389e-05	1.009814877393194467e-04	2.519346944318752966e-03
1.962347858232506032e-03	3.263997466976836098e-02	2.651489416958700135e-03	3.003973196058933037e-03	3.915834678290965287e-05	1.030515540051678974e-02	0.000000000000000000e+00	5.504253354032974948e-06	9.193967353996098919e-06	4.531453874289303671e-03	1.861352812291288035e-05	2.228441128690600180e-06	0.000000000000000000e+00	6.751595688642841745e-04	2.260612670403558139e-04	0.000000000000000000e+00	2.091558558020283065e-03	1.396405386726515784e-02	3.583609677452344842e-03	1.672491579247141263e-03	3.146180750524849539e-05	1.029402712969195409e-02	1.577092869447849644e-03	1.916225868307887788e-06	1.296858959334798466e-04	1.025763606840901856e-02	5.669098492114414857e-05	5.177350041593658405e-06	1.932128509284558845e-05	3.183705898904080076e-04	2.377812968855484320e-04	1.211764294669934933e-06	4.438925021553513650e-02	-8.946128368270783726e-01	5.656700495681794144e-02	6.357271063098681729e-01	6.438677096536651575e-04	1.254299914222393314e-02	5.821390241704809017e-03	8.483882892737504029e-04	1.834835134924144929e-03	1.086844069042072584e-02	7.978569649525752219e-03	1.316064528940608363e-03	1.958625378577955089e-04	2.466240691487039363e-04	3.964418235093582882e-04	1.042540987225469101e-04	2.469472816172931223e-03	1.530941315110758685e-04	6.993772479260510353e-07	8.091980053930355327e-03	1.324962852169875522e-03	3.276377150421476393e-06	7.214548966340063622e-04	1.093807938153812690e-03	0.000000000000000000e+00	8.814714317560164718e-07	8.340704514523153250e-04	1.256363246581299032e-04	0.000000000000000000e+00
5.877595014441207993e-03	4.456817573459642690e-03	9.718014077755894251e-03	2.689928237499195508e-03	9.783749136576712089e-06	3.662707568248379630e-03	0.000000000000000000e+00	1.169862860011274463e-03	5.250037068437884612e-06	1.858926647384912499e-03	2.476949787903181925e-03	7.414620949270594010e-04	2.937610411321054710e-08	6.655254307194892992e-04	5.214269307825554652e-03	7.577679041018478686e-05	5.915374002489314463e-03	8.100758989659574347e-03	1.172289655750655309e-02	2.638406505360178442e-03	1.534534238613835826e-05	3.103409142936014702e-03	2.424336432202983498e-03	6.873861481970701837e-04	1.351300789207684821e-05	5.923648836739615203e-03	8.180054886695833265e-04	1.731121575348116984e-04	1.933550237400294442e-06	2.368213008677975216e-05	2.672500487117314329e-03	7.747947459859281496e-05	6.455143713518288751e-01	2.377017761483307332e-02	-8.788015732351855958e-01	4.880306785751981069e-02	3.635596531239821717e-03	1.466971797808815439e-02	1.037012555078050888e-02	4.842197693149320400e-03	1.462513070129509108e-03	2.121684411867638936e-03	1.914254844706907155e-02	1.132557467487813399e-03	1.532474051004537215e-03	5.075303858388595206e-04	3.479698959023710524e-03	1.267064810663053867e-03	1.824081315272573205e-03	6.530562160652298928e-04	9.989758482088587264e-08	2.241649830273401318e-03	2.034830758814817030e-03	5.466648174600873423e-04	1.331445555760909897e-04	2.267792868158921733e-03	1.182758216483534828e-04	0.000000000000000000e+00	5.186464166203140881e-04	2.951844640230782794e-03	3.254731104473952675e-04
2.232440120340534531e-02	4.444453434870095782e-03	1.168867838638619136e-03	6.347425341680927591e-02	1.085645900610972834e-03	5.684276145906240670e-06	0.000000000000000000e+00	3.236253629140924126e-02	3.902186088379904503e-04	2.820331964899852134e-05	3.265135141347381699e-05	9.779967622251396764e-03	4.410181784175583076e-07	8.739390973680136431e-07	1.173416709529714105e-03	1.532146300304479056e-03	1.217800575632628675e-02	6.689021762256309577e-04	5.052118391600524117e-04	1.237519153702769381e-02	1.266980354363728481e-03	8.109311202123710213e-06	7.725915381774372561e-05	1.320950302318042724e-02	9.186246711248395591e-05	0.000000000000000000e+00	1.385949527392497675e-07	3.565461082669531181e-03	1.758108987918532116e-04	0.000000000000000000e+00	7.442982071325021374e-06	2.377481546142412409e-03	1.361427500593616058e-01	1.057314555757465080e-01	1.931574054150257333e-02	-5.364714807875647917e-01	4.361885397621508877e-03	2.366320509662989916e-04	3.579199589822348762e-04	1.806970902138458485e-02	1.020659866537114782e-02	3.315483147480389158e-04	4.661278741792243552e-03	2.357985171936717930e-02	2.265628922643428671e-03	1.473173959605569070e-05	1.103564194269873077e-04	3.900135410342771367e-03	2.065915949600665661e-04	3.413051922816864002e-03	3.280783566038457893e-05	2.939757126621634844e-05	2.323906876265944611e-04	1.445387968943337778e-02	1.360057127933738123e-06	4.654582496521308651e-04	8.190184934905896715e-04	5.987181440985381515e-04	0.000000000000000000e+00	7.115393316456396266e-04	1.909922716737826954e-03
3.409025777101461208e-02	4.954623621449411042e-04	2.723051866278797245e-05	1.521759399491783103e-03	3.194115057764892324e-02	7.864536697683980780e-04	0.000000000000000000e+00	1.330064502250869786e-02	5.912425281884770532e-03	1.431587941449405908e-04	9.155552448617286631e-06	7.258630070262252904e-04	3.705629822524973910e-04	1.225595543689904985e-05	1.028879742992636591e-02	5.175335142144868070e-05	2.195332696395626421e-02	7.129957084995599235e-05	8.566053128576225757e-06	6.506656414388376245e-04	1.059400112268982404e-02	7.355746340610368715e-04	2.139167901523991613e-04	6.705273526931863903e-03	3.723184492741293556e-03	7.618956233464736034e-07	4.632385648621663718e-08	1.292143718007908858e-05	1.053692467055637391e-02	8.403260551615517265e-07	5.320746857505260000e-06	4.358679447797614298e-05	4.501489344213702865e-02	2.076144859699573177e-04	2.789763868869740270e-03	8.456716587225373769e-03	-1.790028246896132380e+00	1.054459927191012947e-01	9.579047705607969532e-02	1.111948402911504319e+00	4.609463079134568791e-02	2.475748380568295790e-04	1.328856033352494685e-02	2.192457830329757468e-02	9.873258257625516787e-02	1.914069737589322152e-04	3.992441908567427242e-03	1.827100745666183912e-02	4.644299918539886250e-04	2.697168693929663085e-03	4.124592384312662156e-04	4.417149193484484933e-03	9.998436672845364796e-04	2.491272050971070004e-02	2.995863319931730932e-03	5.184646990532036171e-04	6.606817442604480048e-03	1.480462547652775830e-02	2.490942982112494199e-04	3.581225787772721460e-04	3.261700867637351911e-03
2.029964117566728584e-04	6.767608113393218904e-03	2.323778638272989017e-03	8.092551758110404549e-07	2.295912013971133600e-04	2.195745374165908662e-02	0.000000000000000000e+00	1.343281677709857840e-03	0.000000000000000000e+00	5.004637380243950190e-03	3.662220979446915161e-06	2.785551410863250437e-06	0.000000000000000000e+00	1.116066005101196655e-02	3.362688663706721488e-03	9.151786281423285535e-07	3.241692633648321324e-04	9.960987977660170842e-03	2.451022268935339025e-03	9.312978237326543233e-06	1.120441331007991810e-04	1.470951017080981450e-02	2.377378729778015665e-03	4.403726573605064873e-04	5.405203156830739793e-06	1.804177799562371037e-02	7.709720862840167463e-06	5.177350041593658405e-06	1.933550237400294442e-06	2.804650586245829337e-03	1.572970422837295700e-03	2.423528589339869866e-06	6.987020494715104856e-03	5.969258627925848326e-03	1.661389746916007784e-02	6.771097843915180586e-04	1.556281217842157838e-01	-9.950947732765305087e-01	1.605174406314462676e-01	4.380571383035066768e-01	9.801787194352381150e-04	1.591027443264786748e-02	9.818013725707735659e-03	3.257297182491586222e-03	8.257964645896340768e-04	5.428772396055880911e-03	6.555301924641335209e-03	1.184215723187613490e-03	5.091095020816323834e-03	8.846726738709175311e-07	7.929476718610147150e-06	2.730620732488582211e-02	3.911862125134732762e-03	1.444288963694456219e-03	1.525376605357843876e-02	7.279200875475889260e-04	3.817198759480070223e-06	0.000000000000000000e+00	7.716168541076296426e-03	3.052327864050335618e-05	2.758246698706739627e-06
1.778986735758478454e-05	8.191062451862099860e-04	4.717379756622445963e-03	6.781558373296519052e-05	5.819812970883961713e-04	7.411838504947665732e-03	0.000000000000000000e+00	8.312816046451574140e-04	0.000000000000000000e+00	4.524033018450243290e-04	3.890736940110140559e-04	3.676927862339489746e-05	2.937610411321054710e-08	9.632057337420323203e-05	1.663428693342332287e-02	1.853236721988215347e-06	2.007320037312795694e-05	2.719702237176453014e-03	5.962752762406571018e-03	1.327745673109522948e-03	1.527165732498772337e-04	4.403334892216888979e-03	4.773820103116829978e-03	2.814656350938492583e-04	8.107804735246109266e-06	9.382968688459865066e-04	1.283953434211114117e-03	3.358696149864360902e-05	0.000000000000000000e+00	2.101992065152005003e-06	2.310240999647463281e-02	1.211764294669934933e-06	1.131114234557400143e-02	5.226020785166817471e-03	2.215435913121290359e-02	1.931954324051835762e-03	2.666893963493128794e-01	3.027942630093191645e-01	-1.036587660426316004e+00	2.342361012660872932e-01	1.267685475016625159e-03	1.237368827139220806e-02	3.017543638000718884e-02	3.130974473862349877e-03	2.366219482228010696e-03	2.005834472663121492e-03	2.123852556659553900e-02	1.374013602012908808e-03	1.419708885194446600e-03	4.123642368637974809e-04	1.417858378943673997e-05	9.985984029326757869e-03	9.211264700838888916e-03	1.332776048476370847e-03	5.904773654150898693e-03	7.348980892017244540e-03	2.340041136525046212e-04	0.000000000000000000e+00	1.127605522552780834e-03	4.076684666213008061e-03	1.745110061848436224e-04
7.981228375256357171e-03	1.589162493762825509e-05	1.669512917613405565e-03	1.156623464165841553e-02	3.784629698819784883e-03	1.221468577678718088e-03	0.000000000000000000e+00	8.219320380935411785e-02	1.773744231024428650e-04	1.203968328578352193e-05	9.398733864333953250e-05	1.334245239714168703e-02	6.760270113232427109e-07	5.264442657954940702e-06	8.962468023990146151e-03	1.227098959972078296e-02	4.702987160382211471e-03	1.302340615685667514e-06	1.579141664401386552e-04	6.969488233193589684e-03	2.972918040456457803e-03	7.700260250848835414e-04	3.311176535294048357e-05	2.539849600737013186e-02	2.431042092891902556e-05	0.000000000000000000e+00	0.000000000000000000e+00	7.112867253965198845e-03	5.796385527853676196e-05	9.815573249366024893e-07	1.170261132192039984e-05	1.615210200541247407e-02	2.497377855380164546e-02	1.384766009351782806e-04	1.880853649405107636e-03	1.773370203544974433e-02	5.628664436225589984e-01	1.502427375173184254e-01	4.258838204837951669e-02	-1.272210760756438352e+00	1.791926806050750387e-02	1.966048494117331874e-04	4.723759455540725918e-03	5.893840602602563872e-02	1.915203787023943977e-02	2.732766694555723887e-04	1.461831205559035096e-03	6.610711471174718357e-02	5.601985392717310968e-06	5.648314710145958296e-03	1.719140455962200041e-04	6.103899105111395586e-03	4.953870388010611246e-04	5.152447475612244310e-02	1.182040761633077792e-04	5.908645556488872257e-04	1.556258008836824448e-02	1.264200640512015976e-04	3.525132493585264990e-06	6.575238318991140753e-04	1.434178546630889527e-02
2.635118566076470950e-02	3.352905667803583040e-03	1.093694953137992525e-05	1.636243830041353431e-02	5.449594969546433902e-03	1.138888959466008819e-06	0.000000000000000000e+00	8.531592698751111719e-05	1.201668179626287809e-02	6.750583531209454350e-04	3.429955799342060906e-04	6.771778861098035757e-03	7.318378429711487696e-05	1.747878194736027286e-06	7.494450512198244478e-04	6.474888794106974595e-06	9.502342912770349315e-03	7.129957084995599235e-05	1.115632877043050554e-06	1.616580567551874695e-03	4.765572761887046545e-03	4.049382966990253486e-06	4.014734228805440919e-07	7.084047506900723761e-05	3.212522727188981114e-03	8.436873593821978440e-06	3.923969599430008537e-06	3.358696149864361037e-04	2.356997739390958180e-03	1.412312697750507099e-07	1.061117606909880687e-06	6.058821473349674454e-06	3.177308122383270400e-02	5.015639296159427182e-04	9.513925854129678993e-04	1.677555143962386128e-02	3.907676312761140108e-02	5.630092298486142656e-04	3.860080339150969895e-04	3.001012367226861544e-02	-1.584328442571779627e+00	4.615256800099133000e-02	5.069807702294029106e-01	7.933596350010724274e-01	9.385446073240077611e-03	2.024371359283636711e-05	1.617171479184613305e-04	2.042297373585284879e-03	3.987704446854093234e-04	1.255670836742681616e-03	1.620317170333403440e-04	1.543036361054294010e-05	3.400848976183220327e-06	1.563502655128295830e-04	6.195513570114155252e-04	1.214056948949283335e-03	1.618959184597425997e-03	2.859265848118000032e-03	2.759094086325390108e-04	1.996746522915636716e-05	3.380809671314838165e-03
1.056688594289735360e-04	1.328159593714979894e-02	1.095086928532895427e-03	2.017742905022193900e-05	0.000000000000000000e+00	5.276543729765985347e-03	0.000000000000000000e+00	0.000000000000000000e+00	1.051287910533537389e-05	5.406572535222477563e-03	2.532690945457999175e-05	3.102874535502826367e-04	0.000000000000000000e+00	1.153287487419575423e-03	3.695770938352877953e-04	6.474888794106974595e-06	2.790088700790223082e-04	8.111134780279045248e-03	1.298137290634622477e-03	1.396946735598981485e-05	7.711227329717769681e-07	6.716450004696782571e-03	9.688508417491207593e-04	1.916225868307887788e-06	1.161858813182222854e-04	7.574687856878825794e-03	2.650357307100183711e-04	4.702393989049155100e-04	0.000000000000000000e+00	5.661137756208094738e-04	7.165272434773748778e-04	0.000000000000000000e+00	1.520484551896613811e-03	9.134115048332312053e-03	4.243368823735277871e-03	1.675377122397005104e-03	6.452748438715239171e-04	2.809686761510155756e-02	1.158387838172887652e-02	1.012305820375306985e-03	1.418945973647499359e-01	-1.163343214086234312e+00	3.692536431566235122e-01	5.222269211870692596e-01	4.500560381413630490e-05	4.173378372601956824e-04	4.902510224444215714e-04	5.211433854699371189e-05	1.703163998108527194e-03	8.846726738709175311e-07	2.721055797665976824e-08	6.960130060949935339e-03	7.039717835943730493e-04	1.096425424353643563e-06	3.116787510350905836e-03	1.735108534093866535e-03	6.232027502601796400e-05	0.000000000000000000e+00	2.604515520014798538e-03	3.524755876865865177e-06	0.000000000000000000e+00
4.273997178440494532e-05	3.514141687863011048e-03	4.623346847356059851e-03	3.506125024373859828e-03	7.121822163856555477e-06	4.545387186440231427e-06	0.000000000000000000e+00	1.926488673911541782e-05	8.908032408293129964e-04	2.598307370012206859e-03	3.228852639833811738e-03	3.934048616074595738e-03	2.937610411321054710e-08	6.138381755322954557e-06	8.149231538684145737e-03	1.853236721988215347e-06	5.219032097013268128e-05	7.687244377026367570e-04	2.448227396260670412e-03	1.392969663042115981e-03	1.074431007940675752e-05	1.519573139435665530e-05	1.721175316097119101e-03	3.828459599390134760e-05	1.864288351310652197e-03	1.088670415330295679e-03	2.225175861733401025e-04	9.482009470244113190e-04	0.000000000000000000e+00	2.801086850538505755e-07	2.804958282105579105e-03	1.211764294669934933e-06	6.807604808993512890e-03	3.001461915773973553e-03	1.713713860975707437e-02	1.054336858262531172e-02	1.550332038911243770e-02	7.760906087940401196e-03	1.264494476876491802e-02	1.088714084038910034e-02	6.977021076014163770e-01	1.652849640796314745e-01	-1.538817963048904947e+00	5.239382172816914318e-01	2.154487916435750706e-03	1.330392912030186735e-04	2.653279099609289707e-03	8.179917421593249985e-04	1.913766561130205140e-04	1.212306622745871028e-04	3.178645111737141432e-07	2.352122059341604210e-05	4.277111327939033675e-03	3.607884602255460703e-05	1.853223917019755683e-03	6.288785996069893094e-03	8.673396425939650838e-04	0.000000000000000000e+00	4.826569229144371835e-04	3.245377451630931248e-03	5.567802717722755744e-04
1.798548208164121648e-03	7.060951486583509368e-05	1.345306934118431909e-04	2.377832684740744523e-02	6.234513172949837454e-06	1.138888959466008819e-06	0.000000000000000000e+00	1.325110674232239834e-02	4.821966972833303619e-04	7.367413926577384220e-04	9.826062025001317251e-05	1.368338091621146627e-02	5.875220822642109420e-08	0.000000000000000000e+00	5.459124314089056291e-04	1.601448201920557205e-03	7.376599608363554588e-04	1.302340615685667514e-06	1.303630527949612859e-05	6.432185730761070565e-03	2.148862015881351504e-05	3.037037225242690326e-06	3.211787383044352735e-06	8.359575271865418364e-03	5.457825927948923564e-04	5.216744150442913003e-05	4.432025553900791512e-06	5.291361432128243412e-03	3.867100474800588884e-06	1.412312697750507099e-07	2.652794017274702142e-06	3.117116767517841888e-03	4.431850803742989897e-03	2.612288889103217744e-04	5.349768941902234348e-04	2.814178283090303795e-02	1.349628563896458633e-02	1.358571186667345033e-03	6.922757630650420426e-04	7.167384049396081924e-02	5.760827500384670952e-01	1.233400266120213834e-01	2.764498131385809132e-01	-1.207922148159882969e+00	2.096243670009620506e-03	3.474967146561167095e-05	2.389695226352558824e-04	4.172782376643507062e-03	1.604387224644575844e-06	1.997224826149274560e-03	1.099061741389444585e-06	1.543036361054294010e-05	1.405618335563169522e-05	1.259193003379601751e-02	4.537956538566467247e-04	6.477595726777663496e-04	3.447757812588845248e-03	1.053500533760013313e-05	2.124118297416762558e-06	7.162082491160429772e-05	4.883549926476915201e-03
2.613870378031322647e-02	2.824380594633403409e-05	3.256228155933568811e-06	1.590456172193964620e-04	4.529192855814385271e-02	1.990005083638374004e-05	0.000000000000000000e+00	3.138121152729686980e-04	7.179003127129639054e-03	1.484623107875332751e-06	4.271210214716933627e-06	3.621216834122224678e-05	4.244870394595526807e-03	6.529136572215188915e-03	1.130556653504328352e-02	5.906686415145387392e-02	1.045779279010141359e-02	4.018651042687202470e-05	5.597465992084509609e-07	3.245622629115260736e-04	6.272749279541117023e-03	2.024691483495126743e-06	2.007367114402720459e-07	2.297474973356644599e-05	3.315195600615127025e-03	0.000000000000000000e+00	0.000000000000000000e+00	7.744087138485430171e-06	2.910503507680992086e-02	7.468780316603931661e-05	3.111954764607562703e-04	9.356197359732204219e-03	2.332955733197955919e-02	5.040110909044249072e-05	9.384531647845374778e-04	3.505451916142112399e-03	7.879310335890070405e-02	4.465218668465121762e-04	6.782648678699183288e-04	3.019409227751103722e-02	8.835159332789520314e-03	1.378021745449124587e-05	1.473753949353445204e-03	2.717605800207912193e-03	-1.236497527654284889e+00	1.167749079842805154e-02	1.339301774878345896e-01	6.435218088523574353e-01	8.079426665439310221e-04	3.602432886933782958e-03	7.661513922756950715e-05	2.206597358965391955e-06	2.273823443378316212e-07	1.749121029910047983e-05	8.763402172625491806e-04	9.658147460656767462e-04	6.178234489182255797e-03	3.269324936442782881e-02	7.141104939889842719e-04	1.406995811214375482e-02	1.677387690753522759e-02
7.123328630734157780e-05	2.576763010578921997e-03	3.488949042268897453e-04	0.000000000000000000e+00	2.936292252803153683e-05	2.910487680363358851e-02	0.000000000000000000e+00	3.577764680121434012e-05	2.625018534218942306e-06	8.615943545395159412e-04	4.271210214716933627e-06	5.571102821726500450e-07	5.807693444853665382e-05	1.558070275308992836e-01	6.962683051536569176e-03	1.049302631989727438e-02	1.164245621641421503e-04	7.027401339369187226e-03	2.675974776353780868e-04	6.214175870102230600e-06	4.601032306731602428e-06	8.015352862967764849e-03	7.745989052918400943e-05	3.832451736615775576e-06	2.431042092891902556e-05	7.266276990287133010e-03	1.892875631705079887e-06	1.292143718007908858e-05	6.220913543212299801e-04	6.402844369540225226e-03	1.644989990700564814e-02	1.934434815919985071e-03	2.116051167287211297e-03	8.856046119430731594e-04	4.337077842622980885e-03	3.180716503693841726e-04	2.131577662315381743e-03	4.096255535205800546e-02	8.023337890652485968e-03	6.012086728022591683e-03	2.659287831058959042e-04	1.783170759202654240e-03	1.269920506937905619e-03	6.286531474233385784e-04	1.629540761417005434e-01	-9.878526458918329700e-01	1.800165202633448036e-01	2.785426741313710708e-01	7.791987324250695957e-03	1.769345347741835062e-06	9.038801265603246280e-09	3.139038967674864528e-03	2.493296836608744662e-06	1.096425424353643563e-06	1.283398263505046259e-02	1.516607282770389463e-03	8.904066634237845895e-06	8.516151413255707773e-05	1.425322545705465065e-02	2.599590503175203040e-03	7.811473285004097563e-04
7.123328630734156424e-06	1.624078629818411987e-04	1.938108241246834377e-03	1.129360556465185287e-05	1.334816275399541017e-04	9.115484195840305864e-04	0.000000000000000000e+00	1.266326641893029796e-04	1.318911751339273483e-06	9.400353316227372743e-06	6.512021319556231085e-04	7.799543950417101053e-06	3.431705184003674015e-04	7.256486951651341943e-02	2.780664837175287132e-02	2.181220726688433420e-02	8.029280149251182778e-06	6.313060355947930531e-04	1.835567371980838681e-03	5.342037000652950351e-04	6.143277772675155094e-06	1.620807713610421719e-05	1.474748970726100098e-03	7.664903473231551151e-06	1.081040631366147959e-05	3.682868991088026999e-05	2.641585903705354586e-04	3.099828647784677219e-05	2.461324148523630004e-03	1.123821936835507282e-03	3.429668534939337571e-02	1.686261816358568299e-03	2.735480218019001927e-03	3.070480789925421946e-04	6.413562787220172118e-03	5.139146983119506629e-04	9.589688898029606265e-03	1.066843254402413330e-02	1.832343382216085684e-02	6.936532387162480488e-03	4.581985857689737924e-04	4.517999618605453836e-04	5.462633440372067530e-03	9.324497059689397906e-04	4.031035734192668363e-01	3.882709260581946459e-02	-9.421794424303953086e-01	2.245396102689200535e-01	1.555038947593216474e-03	1.468861698168437088e-04	7.268702684422608785e-08	1.102507784371955862e-05	8.935117741210588582e-04	3.276377150421476393e-06	5.342284249529235911e-03	4.565310210896498556e-03	1.039031672634098749e-03	3.511526273055137152e-04	5.590076772049878268e-03	2.046207521351112862e-02	2.044276023674833180e-03
7.436312189224445618e-03	3.527486348081516046e-06	4.482782189174346153e-04	5.729436727500408950e-03	6.567254044539856412e-04	3.070932729988702230e-05	0.000000000000000000e+00	1.009853169898139585e-01	4.112443670486611675e-04	4.948743692917776544e-07	1.071096066890387495e-04	2.880064883063591756e-03	9.707589703579617936e-04	1.198380664036390215e-02	8.545072187755162890e-03	1.497727118484017406e-01	2.598385329673122933e-03	1.302340615685667514e-06	3.705908518897329916e-05	5.604474075999107095e-03	7.904008012960713468e-05	2.024691483495126743e-06	6.022101343208161113e-07	1.414005024979131386e-02	4.863383513465734489e-05	0.000000000000000000e+00	0.000000000000000000e+00	7.389307033092834369e-03	7.892069639572446907e-03	1.715159617238140978e-04	1.755391698288059942e-04	3.483179744898586006e-02	1.374570731125917232e-02	3.050397703363409447e-05	8.822525348320521630e-04	6.861349333010430956e-03	1.657924750697092886e-02	7.280733705523846546e-04	4.478266554708739940e-04	1.185031241499468202e-01	2.186014596170916032e-03	1.814351045710151366e-05	6.362157994572528730e-04	6.150990318163391743e-03	7.317081308061991196e-01	2.269606974403764327e-02	8.482607499048090693e-02	-1.445738770375552429e+00	4.799791780395022728e-06	8.717152697941358067e-03	2.089281250872250243e-07	1.471064905976928041e-06	2.273823443378316212e-07	7.275040673039214617e-03	4.348153010490381324e-05	6.386972328672004852e-04	1.309662873267588602e-02	1.063731289280845857e-02	9.928369956826363623e-04	9.773705145287027787e-03	2.562411183098561515e-02
1.584922166119099489e-03	5.833075340349277473e-03	8.753536697660805341e-04	7.690082184007047007e-04	6.230193379178317840e-04	4.001821924580806905e-03	0.000000000000000000e+00	2.086739088016299312e-05	7.799378239060563052e-04	7.838674427562772199e-04	5.582608462504174904e-04	1.033812894753371148e-06	9.586401975611042253e-06	5.326346677351840447e-03	5.966992336816858214e-03	4.118303826640479020e-06	1.365253308811301917e-03	4.571066722129185633e-02	1.283155383382705373e-03	5.643151106614623276e-03	2.216806496686531353e-04	3.273419955940746334e-03	9.148698024324203001e-05	9.561168655411231474e-06	6.715705056825809014e-04	6.773487382845594547e-03	3.085658443717247590e-05	3.020852121726469431e-05	1.702945937027994401e-04	1.464306989718192021e-03	4.681938899322554866e-03	5.489659456156221280e-06	2.173519865733916905e-03	1.373861637166630748e-03	2.414980896276364489e-03	6.910634338452930313e-04	8.013052676354028665e-04	5.951561784897955835e-03	8.798195908247274672e-04	1.909409105686745366e-05	8.115821022118541433e-04	1.127446590297193768e-03	2.830218153784106231e-04	4.496803629637614442e-06	1.746749286119625303e-03	1.207209303757149962e-03	1.116999807426113196e-03	9.126364652863775908e-06	-6.092107522797226560e-01	3.687828967374600642e-01	6.666963321001043658e-06	4.145207818607546044e-03	4.230636353994158064e-04	8.976241462343688762e-04	6.331196898995723223e-03	2.343020174775501535e-02	4.493809526718382102e-04	4.766912199249593815e-04	6.754245752188901830e-02	3.281769171993127558e-03	1.426701621977728707e-02
1.724126032770275166e-02	5.570558610566966320e-04	4.528083531267392404e-04	1.344928151852895111e-02	2.428903286542429159e-03	1.179563565161223375e-06	0.000000000000000000e+00	2.089985900754247686e-02	5.433417021747881555e-03	2.621252367024940362e-07	4.153120159265424037e-04	2.908862315587443671e-03	2.158062762336296933e-04	2.413736554635466252e-06	5.848071276573992699e-03	8.070296817081792223e-03	8.378726137892734960e-03	3.803492923827660969e-03	3.554197888904971373e-04	5.117963761458454997e-02	2.753764959745879249e-04	1.223251104611638977e-06	1.022533224007337022e-05	6.744296668312508083e-03	5.706257380734028025e-04	1.299704298649866492e-06	1.398377879132702046e-06	1.172307808676530290e-02	2.367177312699625022e-04	2.730471215650980426e-07	7.298973253244393929e-05	8.913242429835131070e-03	1.278241062457940655e-02	7.465701474922835530e-05	7.578677075324890449e-04	1.000740532924697737e-02	4.079051419831898617e-03	9.065164435961254380e-07	2.240003261976183924e-04	1.687521185006570293e-02	2.240054764312561595e-03	5.133285885423842778e-07	1.571508585040944453e-04	4.906762227206244546e-03	6.826832693139947908e-03	2.402814669772862881e-07	9.248388469949419405e-05	1.452858782990226229e-02	3.232541440538230781e-01	-7.558387871140058722e-01	3.218105128512290647e-05	3.726302314252846856e-04	1.149486953949928618e-04	8.876776327670853409e-03	6.885112906462780361e-04	1.878459920613690520e-02	6.741525240028621926e-03	1.135366482120295402e-02	7.583509067834793768e-03	6.224220614625351408e-03	1.280651272938540253e-01
5.523820249719378628e-02	2.245944579033080750e-03	2.757851251151369971e-05	1.568307757204434258e-02	6.666414326809172453e-02	1.526385759272894452e-03	0.000000000000000000e+00	8.004880940930664268e-02	1.401805995159369558e-02	2.372407389081934194e-03	1.918316091100558509e-05	3.425552236596728778e-02	1.519403661911935372e-04	1.997575079698316898e-06	4.889034313299000026e-03	8.831473761573470170e-06	3.561407886458257260e-02	2.070864693293583518e-04	8.191601955312640762e-06	2.122944759719111712e-03	2.674644340130827996e-02	7.629712406970803060e-04	1.589345152871734514e-04	1.086807461896946957e-02	7.237450087504987070e-03	0.000000000000000000e+00	0.000000000000000000e+00	1.270205794102850913e-05	7.052425448981369631e-03	2.259700316400811570e-07	0.000000000000000000e+00	5.306058805448655003e-06	6.291167023462448937e-02	5.525080258615802957e-05	1.878074594632654141e-05	1.558372193868267155e-02	1.010525134156602250e-01	1.316293135289284396e-03	1.247715373470433117e-03	8.320639806857048348e-02	4.682716622263535106e-02	2.557792449806017838e-06	6.675154734647997367e-05	4.374265730729989224e-04	2.352084774286383739e-02	1.988536278432713917e-07	7.414076738111061252e-06	5.641059377355075110e-05	9.467087915821482350e-04	5.213330308189909751e-03	-1.382489017996868963e+00	1.264053884274967121e-01	3.445182997063322983e-02	4.633594327483859798e-01	1.228453970435972042e-03	3.226736712950041899e-03	6.159779234235671433e-03	1.684481953988937325e-02	8.538202322176584400e-04	1.129189685459593487e-02	8.247750800466207080e-03
7.717185406218678156e-04	1.337106255700181746e-02	1.563797357711226108e-03	1.670662351841014376e-05	4.783541145569626327e-03	3.894166411956997975e-02	0.000000000000000000e+00	1.697668501093220136e-02	2.617335553143179086e-05	2.461486131374644032e-02	5.948002003666185035e-05	4.803554181421831144e-04	0.000000000000000000e+00	2.413216352791795055e-03	8.399967038404363177e-04	0.000000000000000000e+00	1.385016365316003775e-03	1.638218553901602328e-02	1.634390583903947433e-03	3.541251689175591141e-05	1.188745669088558596e-03	2.622751602861529002e-02	9.083654433800202608e-04	3.919440406762502750e-03	5.312950891413676285e-05	7.684075900566053434e-03	1.819811988141453231e-06	2.650101207730991550e-05	2.644414295268049415e-06	8.069319214232409734e-04	1.549231706088425786e-05	3.414972103160725817e-06	4.259444708402873071e-03	7.610314574529739723e-03	5.017025810611898395e-03	1.662362660887234281e-04	1.288335181432975068e-02	5.396226685632198039e-02	1.046150707834231884e-02	3.517008531992757425e-02	5.308779861246320315e-05	7.788716972967785548e-03	5.880305148354011372e-05	7.311053234519155209e-05	8.064587966694943536e-06	8.221292534386550471e-04	1.338759452451660665e-05	4.728422912068697350e-06	7.007375121931805513e-03	7.186440177487634501e-04	1.504826052708294233e-03	-7.191215074902876925e-01	6.991330279897305100e-02	3.051299069573368272e-01	1.333626684414225896e-02	1.339776317594040898e-03	2.813447505423397749e-03	1.650484169557353965e-04	9.882482975734652522e-03	2.931877175001626305e-03	8.919517335151235177e-04
1.694097327205688135e-05	8.679242647274900552e-03	4.776259072991665376e-03	7.320342485903157635e-04	4.084493437273050039e-03	2.436239064664576931e-02	0.000000000000000000e+00	6.958630373173284311e-03	1.472571372854528564e-06	2.218637268221207090e-02	1.065507451391208742e-03	3.914561243008494833e-03	0.000000000000000000e+00	7.157977368918969733e-06	1.046976166944394923e-02	0.000000000000000000e+00	3.754463829445992858e-05	1.639389229312185770e-03	5.864642694690137652e-03	1.221789831740366719e-03	1.298819155205096490e-03	4.561039377298500841e-03	5.080171252870121189e-03	1.572423010435647665e-03	4.172141186678726682e-05	3.597267776935571129e-04	7.169166651652346921e-04	3.773322911669954333e-05	1.634987333095837032e-06	8.097259467102907508e-07	4.046541676304919039e-03	0.000000000000000000e+00	1.083255137676220775e-04	4.984384062924769251e-03	1.821658012653264852e-02	5.256456029649160359e-03	1.166484278498625994e-02	3.092233870344598609e-02	3.859958541303915719e-02	1.141749175141493211e-02	4.680215971985479754e-05	3.151111793231955224e-03	4.277111327939034369e-02	2.663981416924483489e-04	3.324113319605443270e-06	2.612025257399637951e-06	4.339914331445143304e-03	2.923487284343549446e-06	2.860716010796049945e-03	8.867470787613734124e-04	1.640563331934915799e-03	2.796532111958922040e-01	-7.488655887353553586e-01	1.484813492334698948e-01	4.968530476275800564e-03	6.756320345387718980e-03	1.175033713414458175e-03	1.448456604311337988e-04	2.986977330900023996e-03	1.280890749387280161e-02	1.012454489825290009e-03
1.258544535296720647e-02	4.053619905083504540e-05	9.723196700431557512e-04	3.188648823868682480e-02	2.356602781437323185e-02	2.003051463415114058e-03	0.000000000000000000e+00	1.635231456053352073e-01	6.132299395304641361e-04	2.141337213827736164e-04	1.325566568771073778e-04	6.989175354352243630e-02	1.596854890256573333e-07	0.000000000000000000e+00	1.857341938383856713e-03	3.944488525690546983e-03	8.758256081771609303e-03	8.486681154962645772e-06	1.901053863766853495e-04	2.077929269716091362e-02	4.177274660872511147e-03	1.067223317164795902e-03	5.249509805030724450e-05	5.682162610538639413e-02	7.929796842821635911e-05	0.000000000000000000e+00	3.201242114901149945e-08	1.449267516600714380e-02	9.639316624686761114e-06	2.000776321813218434e-07	0.000000000000000000e+00	5.102794525050307825e-03	1.642933644581804145e-02	1.889297772870778061e-06	7.501677787043533208e-04	5.011381644146608444e-02	4.455194543707387961e-02	1.750014364768465039e-03	8.560897245687636940e-04	1.820280714011917045e-01	3.298191732350930130e-04	7.522918970017700021e-07	5.530334061851435327e-05	3.658093542664828807e-02	3.919563183813027122e-05	1.760683163195632106e-07	2.439346491554675574e-06	1.433767139942034897e-02	9.303841515713895827e-04	1.049662602250129965e-02	3.382185640499167818e-03	1.870869502512138294e-01	2.275991484600633011e-02	-1.045007835117262252e+00	1.392738796993123977e-03	1.149401273646265135e-03	1.484081824910792741e-02	3.550154625959671059e-03	7.924317069554364821e-04	5.074725751724316024e-03	2.295380278240431032e-02
1.592968205712363809e-04	3.891259872425027397e-03	2.162160352243369882e-04	2.427765527433121259e-06	7.148324682400741988e-04	8.196655021836831562e-03	0.000000000000000000e+00	5.166334002551204276e-05	3.954558409379687429e-04	3.101115547114867942e-03	1.461014888819735485e-04	1.044116563271079833e-03	4.571373740078840985e-06	6.443074379198187630e-03	6.448934535352053403e-03	9.266183609941074407e-06	5.553642870615108779e-04	6.913510936955709514e-03	4.076383561145848042e-04	2.457499417429762325e-05	8.782231125511903702e-05	2.275447414672369679e-03	1.122411977992252698e-05	5.389385254615934933e-06	2.158832943527469982e-03	5.791829689553273063e-03	6.897471584109895614e-05	1.707099548672078373e-03	3.067804928134084492e-04	1.586912208864409710e-03	4.031458647463842873e-03	1.237468385768994356e-05	1.810065147443377519e-04	5.326629610662290308e-04	2.339362284888327713e-04	6.037636782883417490e-06	6.859687040965178027e-03	2.366472116723384103e-02	4.856262444535318357e-03	5.346801202153362177e-04	1.673367683890645760e-03	2.738112392270888960e-03	3.637168435272418020e-03	1.687950189111639236e-03	2.514359314949556751e-03	2.638762784776730805e-03	5.092644798616654915e-03	1.097197488628413913e-04	8.402149155676568240e-03	1.042418963408383486e-03	1.148087822837357272e-05	1.046959266269111878e-02	9.751321495494562341e-04	1.783226310168766057e-03	-6.202970253501731701e-01	3.462060962358223803e-03	4.655866652198696887e-01	5.688618536680924197e-04	8.460619277980157074e-03	4.440675686711973574e-03	1.362840796261004326e-03
1.882514905754381932e-03	6.446092679741639983e-04	6.538928701073773095e-04	1.346222960134192638e-03	7.054223228891425435e-04	3.845987341511016662e-04	0.000000000000000000e+00	1.252008615763234873e-03	1.859857643915269762e-03	3.776817914825987446e-04	1.028872813244999674e-03	7.985974875770959509e-04	6.404028358351839282e-05	2.847564084183697684e-03	6.389911068933484643e-03	1.791736718177050968e-03	9.504703452213367860e-04	5.284826661275753186e-03	9.553909368144794783e-04	3.232581145355873167e-03	6.024010789975520110e-04	3.433961118152880840e-04	5.282508961984563401e-04	1.234229105365433491e-03	1.903528047304952307e-03	1.977298412142532939e-03	4.278026977338076015e-04	4.320893492340199338e-04	2.432008114777164053e-04	2.676356100782173366e-04	7.653174310430913181e-03	1.858405786461982275e-04	4.954438137715106057e-04	4.937761549380068928e-04	2.436257481222155706e-03	1.263386677627212394e-03	7.258505786744851723e-04	6.904841973308557552e-04	3.695487534271528832e-03	1.634162542480350772e-03	2.004928332836244682e-03	9.320011554561338698e-04	7.546543195283872581e-03	1.473190342432862754e-03	1.694315011669501360e-03	1.906592012625632341e-04	2.660923665779673514e-03	9.854185878522521772e-04	1.901193513246407160e-02	1.738917183653816007e-02	1.843849550257167073e-05	6.430926324451396092e-04	8.107584414465262169e-04	8.998169970830761574e-04	2.116802988413314397e-03	-1.769280757974457940e-01	2.167087628783281785e-03	3.853906837886562475e-03	1.782657995539191007e-02	1.168054271201371223e-02	2.333746600062441834e-02
3.673090891202241293e-03	1.114446534376939978e-05	7.139466657160451401e-05	6.474724777525675198e-03	4.854222311766327215e-03	7.890873504871632202e-06	0.000000000000000000e+00	3.795792335920265825e-02	1.848883785945388148e-03	5.606293887987247575e-04	2.530950976214370860e-04	1.153142471151770432e-02	2.619557591787640652e-05	6.471310935272673193e-06	5.922034375017726573e-03	9.871482754594412129e-03	2.811523088141443163e-03	2.218272477266796329e-06	2.235512107597337770e-04	1.050717712820365551e-02	2.394764487395684960e-05	0.000000000000000000e+00	3.794413447956361724e-07	4.784875875223181321e-03	3.023899327603135189e-03	1.443792206241567284e-04	9.004529144137832361e-06	1.594685238997781140e-02	2.935726386182255492e-04	1.096896195252893859e-06	4.000413378050250962e-05	9.973921749037809384e-03	1.435623766214497686e-03	0.000000000000000000e+00	2.555845341366719562e-04	4.471652694345173810e-03	1.860540544181722017e-02	7.283390736479213836e-06	2.366938161082805694e-04	8.657803175597966749e-02	5.377921889065013367e-03	6.733455002811137072e-05	2.093578447640605592e-03	1.577250125759035657e-02	2.180135618596498043e-02	2.251603056933708386e-06	1.218175064467564043e-03	4.064470986002861885e-02	7.334723595333453566e-04	1.255318492970846841e-02	7.080206016362842363e-05	2.716432074201901095e-03	2.836288273759037535e-04	2.337002413939984549e-02	5.726180825117938022e-01	4.359084310770970638e-03	-9.855306849941561920e-01	9.178264414034891655e-03	1.158653804900127825e-03	7.306800478523688136e-03	2.175713893509872293e-02
2.261232393215330955e-02	3.395952958831018775e-05	3.852789039463382536e-07	4.884808108782250601e-03	1.017565950771824601e-02	6.304563882758263486e-07	0.000000000000000000e+00	4.345224815497044746e-04	5.426412704000477955e-03	9.761905366851501747e-07	5.116338133050836361e-07	6.276967292644218424e-05	1.942993901639252256e-03	8.762696016276618014e-04	2.818000010665834554e-02	4.874843103434045588e-02	9.932805371930739091e-03	1.760306546476232134e-06	0.000000000000000000e+00	4.399802227388915931e-04	2.236847119713431583e-03	0.000000000000000000e+00	0.000000000000000000e+00	2.710661176210533353e-05	1.775492297527524145e-03	0.000000000000000000e+00	0.000000000000000000e+00	1.625600161364788672e-05	3.869929002886843827e-01	3.233779445602825032e-03	1.585526475891630566e-02	2.209766574536017325e-01	1.428629089855110515e-02	4.611671729054655198e-07	0.000000000000000000e+00	1.883384890376195615e-03	2.402074994535961100e-02	0.000000000000000000e+00	0.000000000000000000e+00	4.052139801376263050e-04	5.472369735801998689e-03	0.000000000000000000e+00	0.000000000000000000e+00	2.776776241301227039e-05	6.646905665483007764e-02	1.240763782063745326e-05	2.372024369878304121e-04	1.902036080171048971e-02	4.482791604592332980e-04	1.218075298698594912e-02	1.115550962906580897e-04	9.181501340583954980e-05	2.014409847055502906e-05	3.221001216930297756e-03	4.031007837250720764e-04	4.466448322053963825e-03	5.288139099477055793e-03	-1.338457479471270251e+00	2.287690470986628814e-03	3.421771368169084782e-01	7.105664647515030907e-02
2.213029972532746322e-04	1.717276014892809427e-03	2.709939955192881790e-04	1.690444145027506643e-06	1.230440717784987497e-04	3.778070918651432394e-03	0.000000000000000000e+00	4.912023562776263627e-06	1.613426025910179112e-04	3.767056009459135478e-04	1.175949927738579128e-04	2.699400336300469367e-07	2.446803502598798313e-05	2.093385855265722517e-02	1.590518521091861467e-02	1.371761245722536273e-03	2.865040135659842530e-04	1.090203640825809436e-02	4.138959370615978659e-04	2.174132997753100782e-05	5.618914314254346611e-05	3.012097666084012637e-03	1.937868148088216149e-04	2.814456744077210559e-06	2.081522946452607134e-04	2.249900184436940970e-03	1.030235035919069915e-05	2.062164847075440133e-06	2.822954912042114923e-03	5.428247392349035833e-03	2.033016445430778710e-02	3.813238634675577762e-03	3.213474625947265609e-04	4.118222854045807215e-04	6.094095395288691647e-04	0.000000000000000000e+00	3.814256441359756928e-04	8.005524861366658529e-03	6.201830374040294804e-04	1.066352579309542623e-05	4.983613693425236954e-04	1.530152868008694336e-03	6.334872113251988372e-04	5.283744264824198176e-06	1.370199510341363683e-03	1.959818500345014876e-03	3.563673942181797699e-03	1.675412430214449173e-03	5.994393105067651051e-02	7.678302931182728712e-03	5.336376451360365589e-06	5.188303562260692010e-03	3.920407746806282064e-04	6.785196490805924831e-04	5.658039142149230011e-03	1.949782182620990456e-02	6.300180064144444807e-04	2.159007881993631455e-03	-7.055362192232694785e-01	1.246650790989704653e-02	4.748790593762433621e-01
1.831765802815213569e-04	7.258131994650845976e-04	2.074167621922722547e-03	1.400514990706937767e-03	1.299907671678342442e-04	3.040426775717291525e-05	0.000000000000000000e+00	5.452694525147097583e-04	2.199893581360069520e-05	1.308366483196069354e-05	1.049866370726161569e-03	5.335048877424480813e-05	4.012990493394618589e-04	9.946654604399061267e-03	6.084735311715186445e-02	2.958166198943003658e-02	1.293644535634718318e-04	3.095563463437471275e-05	9.679678638504874777e-04	6.674024884489794963e-04	4.742404807776427538e-05	4.028292430703846159e-06	2.766225323907231634e-04	6.984244076259687117e-05	1.984073370307821885e-05	7.170782337378573970e-07	4.809244860051966637e-05	6.699841960604675177e-05	2.354519098593985393e-01	1.330305113257476343e-02	1.888082484385156246e-01	2.049260682479654705e-01	2.720317628895952441e-04	5.063913085710337257e-05	2.831361185527485422e-03	1.724393788426932745e-03	4.476532234715901960e-04	2.585134823634468163e-05	1.830348217483391410e-03	1.623681299179444973e-03	2.944182373074587033e-05	1.690444145027506855e-06	3.477190126747426585e-03	1.454341240551965120e-04	2.203814867565373828e-02	2.917907707645636065e-04	1.064863097845987136e-02	1.346377749605866259e-02	2.377608277668490436e-03	5.144508875353606334e-03	5.761171864589762702e-05	1.256518789286411057e-03	1.372382945772085980e-03	3.547129734623629283e-03	2.424246420807046887e-03	1.042905599286938698e-02	3.243324702201840631e-03	2.636160594864958573e-01	1.017674115093636540e-02	-1.150089864403039064e+00	3.571947269965219940e-02
5.472340359697886077e-03	1.112055018208749152e-06	8.154241576748146427e-05	4.739843531621966595e-03	9.334023579606621481e-04	9.456845824137394700e-07	0.000000000000000000e+00	1.732421938726025692e-02	1.799302948069799553e-03	2.101521294252753966e-07	1.725676639127389294e-04	1.295447964795566056e-03	4.049334006816731235e-04	1.166042836626398748e-03	1.349672580975538536e-02	2.561152558268580195e-02	2.176520747754097287e-03	6.683440302474800203e-06	3.767673660878952476e-05	1.058391805741550583e-02	2.160600217483255134e-04	1.476337540048529873e-06	9.946259250997869345e-06	6.474607838034301954e-03	3.913704910742757414e-04	0.000000000000000000e+00	3.517600159197262903e-07	3.155375471112283926e-03	1.473584227028847463e-02	1.969799596642557080e-04	1.114931428403167753e-03	3.701860971936847544e-02	4.222905354286671936e-03	0.000000000000000000e+00	1.942506182987629158e-04	2.880042191906247162e-03	2.536878452606829842e-03	1.453552228524821692e-06	4.875228109290870494e-05	2.203626719267779560e-02	3.101758714317423386e-03	0.000000000000000000e+00	3.711868478481837705e-04	6.170326573770833212e-03	1.634787368448671618e-02	5.455632135558418277e-05	6.619560457613745102e-04	2.196352442655909870e-02	6.431480327645635285e-03	6.586206546541065188e-02	2.618333587449589968e-05	2.378537956040329868e-04	6.749696598835268173e-05	9.983082479966320921e-03	4.629332228569126733e-04	1.296525888923579124e-02	6.009114563027265730e-03	3.406207497697681663e-02	2.412084111117426544e-01	2.222544967978359182e-02	-6.287536497604565566e-01
